Event Index,UTC Timestamp,UTC Date,Local Timestamp,Local Timezone,Local Date,Experiment ID,Experiment Version,Tree Node Key,Repeat Key,Schedule ID,Participant Public ID,Participant Private ID,Participant Starting Group,Participant Status,Participant Completion Code,Participant External Session ID,Participant Device Type,Participant Device,Participant OS,Participant Browser,Participant Monitor Size,Participant Viewport Size,Checkpoint,Task Name,Task Version,randomiser-u8ks,reaction time,stimulus,button pressed
1,1601568312993,01/10/2020 16:05:12,1601568311451,1,01/10/2020 17:05:11,27347,3,task-qgn4,,7037574,5c59d7eef685da000181d28c,2035451,,complete,,5f75fe024ab2b802235bbd3b,computer,Desktop or Laptop,Windows 10,Chrome 85.0.4183.121,1368x912,1368x802,,HeadphonesCheck,1,Control,4571.04999999865,"<p style=""color: black; font-size: 28px; font-weight: bold;"">This is a sound check. Please turn on the sound on.</p>",
2,1601568316533,01/10/2020 16:05:16,1601568315074,1,01/10/2020 17:05:15,27347,3,task-qgn4,,7037574,5c59d7eef685da000181d28c,2035451,,complete,,5f75fe024ab2b802235bbd3b,computer,Desktop or Laptop,Windows 10,Chrome 85.0.4183.121,1368x912,1368x802,,HeadphonesCheck,1,Control,3611.899999988964,/task/40825/1/asset/Dog.mp3,1
3,1601568318804,01/10/2020 16:05:18,1601568317358,1,01/10/2020 17:05:17,27347,3,task-qgn4,,7037574,5c59d7eef685da000181d28c,2035451,,complete,,5f75fe024ab2b802235bbd3b,computer,Desktop or Laptop,Windows 10,Chrome 85.0.4183.121,1368x912,1368x802,,HeadphonesCheck,1,Control,2274.390000005951,/task/40825/1/asset/Owl.mp3,0
4,1601568320524,01/10/2020 16:05:20,1601568319079,1,01/10/2020 17:05:19,27347,3,task-qgn4,,7037574,5c59d7eef685da000181d28c,2035451,,complete,,5f75fe024ab2b802235bbd3b,computer,Desktop or Laptop,Windows 10,Chrome 85.0.4183.121,1368x912,1368x802,,HeadphonesCheck,1,Control,1712.4450000119396,/task/40825/1/asset/Goat.mp3,0
1,1601569280266,01/10/2020 16:21:20,1601569280119,-5,01/10/2020 11:21:20,27347,3,task-qgn4,,7037896,5f03759906e72128142f6a0a,2035535,,complete,,5f760144fb2b4b0285f8a739,computer,Desktop or Laptop,Mac OS 10.15.7,Chrome 85.0.4183.121,1792x1120,1792x897,,HeadphonesCheck,1,Control,31408.195000003616,"<p style=""color: black; font-size: 28px; font-weight: bold;"">This is a sound check. Please turn on the sound on.</p>",
2,1601569287233,01/10/2020 16:21:27,1601569287132,-5,01/10/2020 11:21:27,27347,3,task-qgn4,,7037896,5f03759906e72128142f6a0a,2035535,,complete,,5f760144fb2b4b0285f8a739,computer,Desktop or Laptop,Mac OS 10.15.7,Chrome 85.0.4183.121,1792x1120,1792x897,,HeadphonesCheck,1,Control,7001.125000002503,/task/40825/1/asset/Dog.mp3,1
3,1601569290234,01/10/2020 16:21:30,1601569290160,-5,01/10/2020 11:21:30,27347,3,task-qgn4,,7037896,5f03759906e72128142f6a0a,2035535,,complete,,5f760144fb2b4b0285f8a739,computer,Desktop or Laptop,Mac OS 10.15.7,Chrome 85.0.4183.121,1792x1120,1792x897,,HeadphonesCheck,1,Control,3025.995000003604,/task/40825/1/asset/Owl.mp3,0
4,1601569292010,01/10/2020 16:21:32,1601569291926,-5,01/10/2020 11:21:31,27347,3,task-qgn4,,7037896,5f03759906e72128142f6a0a,2035535,,complete,,5f760144fb2b4b0285f8a739,computer,Desktop or Laptop,Mac OS 10.15.7,Chrome 85.0.4183.121,1792x1120,1792x897,,HeadphonesCheck,1,Control,1764.7950000027777,/task/40825/1/asset/Goat.mp3,0
1,1601569320760,01/10/2020 16:22:00,1601569320519,3,01/10/2020 19:22:00,27347,3,task-qgn4,,7037913,5e1cd99cbd738506c007f1a2,2035540,,complete,,5f76015cee409402e5f6ef70,computer,Desktop or Laptop,Windows 10,Chrome 85.0.4183.121,1366x768,1366x625,,HeadphonesCheck,1,Control,14515.07500000298,"<p style=""color: black; font-size: 28px; font-weight: bold;"">This is a sound check. Please turn on the sound on.</p>",
2,1601569324246,01/10/2020 16:22:04,1601569324348,3,01/10/2020 19:22:04,27347,3,task-qgn4,,7037913,5e1cd99cbd738506c007f1a2,2035540,,complete,,5f76015cee409402e5f6ef70,computer,Desktop or Laptop,Windows 10,Chrome 85.0.4183.121,1366x768,1366x625,,HeadphonesCheck,1,Control,3798.4700000379235,/task/40825/1/asset/Dog.mp3,1
3,1601569328029,01/10/2020 16:22:08,1601569328130,3,01/10/2020 19:22:08,27347,3,task-qgn4,,7037913,5e1cd99cbd738506c007f1a2,2035540,,complete,,5f76015cee409402e5f6ef70,computer,Desktop or Laptop,Windows 10,Chrome 85.0.4183.121,1366x768,1366x625,,HeadphonesCheck,1,Control,3770.900000119582,/task/40825/1/asset/Owl.mp3,0
4,1601569330543,01/10/2020 16:22:10,1601569330377,3,01/10/2020 19:22:10,27347,3,task-qgn4,,7037913,5e1cd99cbd738506c007f1a2,2035540,,complete,,5f76015cee409402e5f6ef70,computer,Desktop or Laptop,Windows 10,Chrome 85.0.4183.121,1366x768,1366x625,,HeadphonesCheck,1,Control,2239.2649999819696,/task/40825/1/asset/Goat.mp3,0
1,1601569504061,01/10/2020 16:25:04,1601569503749,-7,01/10/2020 09:25:03,27347,3,task-qgn4,,7037969,5e686f5fa6591f11a24b419a,2035553,,complete,,5f7601e5995b52023d2de258,computer,Desktop or Laptop,Windows 10,Chrome 85.0.4183.121,1920x1080,1920x937,,HeadphonesCheck,1,Bad Mood,9252.365000000282,"<p style=""color: black; font-size: 28px; font-weight: bold;"">This is a sound check. Please turn on the sound on.</p>",
2,1601569507646,01/10/2020 16:25:07,1601569507384,-7,01/10/2020 09:25:07,27347,3,task-qgn4,,7037969,5e686f5fa6591f11a24b419a,2035553,,complete,,5f7601e5995b52023d2de258,computer,Desktop or Laptop,Windows 10,Chrome 85.0.4183.121,1920x1080,1920x937,,HeadphonesCheck,1,Bad Mood,3625.3649999998743,/task/40825/1/asset/Dog.mp3,1
3,1601569511397,01/10/2020 16:25:11,1601569510962,-7,01/10/2020 09:25:10,27347,3,task-qgn4,,7037969,5e686f5fa6591f11a24b419a,2035553,,complete,,5f7601e5995b52023d2de258,computer,Desktop or Laptop,Windows 10,Chrome 85.0.4183.121,1920x1080,1920x937,,HeadphonesCheck,1,Bad Mood,3576.4500000004773,/task/40825/1/asset/Owl.mp3,0
4,1601569513088,01/10/2020 16:25:13,1601569512848,-7,01/10/2020 09:25:12,27347,3,task-qgn4,,7037969,5e686f5fa6591f11a24b419a,2035553,,complete,,5f7601e5995b52023d2de258,computer,Desktop or Laptop,Windows 10,Chrome 85.0.4183.121,1920x1080,1920x937,,HeadphonesCheck,1,Bad Mood,1885.414999999739,/task/40825/1/asset/Goat.mp3,0
1,1601569788030,01/10/2020 16:29:48,1601569786895,1,01/10/2020 17:29:46,27347,3,task-qgn4,,7038090,5e6571b32013562f77434b40,2035587,,complete,,5f76038d66be1b0241eeccb1,computer,Desktop or Laptop,Windows 10,Chrome 85.0.4183.121,1280x720,1280x610,,HeadphonesCheck,1,Bad Mood,7041.355000000294,"<p style=""color: black; font-size: 28px; font-weight: bold;"">This is a sound check. Please turn on the sound on.</p>",
2,1601569790963,01/10/2020 16:29:50,1601569789913,1,01/10/2020 17:29:49,27347,3,task-qgn4,,7038090,5e6571b32013562f77434b40,2035587,,complete,,5f76038d66be1b0241eeccb1,computer,Desktop or Laptop,Windows 10,Chrome 85.0.4183.121,1280x720,1280x610,,HeadphonesCheck,1,Bad Mood,2984.799999999723,/task/40825/1/asset/Dog.mp3,1
3,1601569793402,01/10/2020 16:29:53,1601569792331,1,01/10/2020 17:29:52,27347,3,task-qgn4,,7038090,5e6571b32013562f77434b40,2035587,,complete,,5f76038d66be1b0241eeccb1,computer,Desktop or Laptop,Windows 10,Chrome 85.0.4183.121,1280x720,1280x610,,HeadphonesCheck,1,Bad Mood,2414.115000000038,/task/40825/1/asset/Owl.mp3,0
4,1601569795490,01/10/2020 16:29:55,1601569794413,1,01/10/2020 17:29:54,27347,3,task-qgn4,,7038090,5e6571b32013562f77434b40,2035587,,complete,,5f76038d66be1b0241eeccb1,computer,Desktop or Laptop,Windows 10,Chrome 85.0.4183.121,1280x720,1280x610,,HeadphonesCheck,1,Bad Mood,2075.384999999642,/task/40825/1/asset/Goat.mp3,0
1,1601569809547,01/10/2020 16:30:09,1601569855176,-4,01/10/2020 12:30:55,27347,3,task-qgn4,,7038103,5dddef56946f7cd753f9e2d7,2035590,,complete,,5f76033aa70b67022a57e29c,computer,Desktop or Laptop,Windows 10,Chrome 85.0.4183.121,1280x720,1280x578,,HeadphonesCheck,1,Bad Mood,3216.5600000007544,"<p style=""color: black; font-size: 28px; font-weight: bold;"">This is a sound check. Please turn on the sound on.</p>",
2,1601569811891,01/10/2020 16:30:11,1601569857561,-4,01/10/2020 12:30:57,27347,3,task-qgn4,,7038103,5dddef56946f7cd753f9e2d7,2035590,,complete,,5f76033aa70b67022a57e29c,computer,Desktop or Laptop,Windows 10,Chrome 85.0.4183.121,1280x720,1280x578,,HeadphonesCheck,1,Bad Mood,2381.6850000002887,/task/40825/1/asset/Dog.mp3,1
3,1601569816368,01/10/2020 16:30:16,1601569862060,-4,01/10/2020 12:31:02,27347,3,task-qgn4,,7038103,5dddef56946f7cd753f9e2d7,2035590,,complete,,5f76033aa70b67022a57e29c,computer,Desktop or Laptop,Windows 10,Chrome 85.0.4183.121,1280x720,1280x578,,HeadphonesCheck,1,Bad Mood,4496.415000001434,/task/40825/1/asset/Owl.mp3,0
4,1601569819543,01/10/2020 16:30:19,1601569865298,-4,01/10/2020 12:31:05,27347,3,task-qgn4,,7038103,5dddef56946f7cd753f9e2d7,2035590,,complete,,5f76033aa70b67022a57e29c,computer,Desktop or Laptop,Windows 10,Chrome 85.0.4183.121,1280x720,1280x578,,HeadphonesCheck,1,Bad Mood,3235.164999998233,/task/40825/1/asset/Goat.mp3,0
1,1601569857083,01/10/2020 16:30:57,1601569856677,1,01/10/2020 17:30:56,27347,3,task-qgn4,,7038124,5f053ca10207bf83952e9acd,2035598,,complete,,5f7603c3f0a20203b4f5c341,computer,Desktop or Laptop,Windows 10,Chrome 85.0.4183.121,1366x768,1366x663,,HeadphonesCheck,1,Bad Mood,15513.949999993201,"<p style=""color: black; font-size: 28px; font-weight: bold;"">This is a sound check. Please turn on the sound on.</p>",
2,1601569859980,01/10/2020 16:30:59,1601569859700,1,01/10/2020 17:30:59,27347,3,task-qgn4,,7038124,5f053ca10207bf83952e9acd,2035598,,complete,,5f7603c3f0a20203b4f5c341,computer,Desktop or Laptop,Windows 10,Chrome 85.0.4183.121,1366x768,1366x663,,HeadphonesCheck,1,Bad Mood,3006.8800000008196,/task/40825/1/asset/Dog.mp3,1
3,1601569861969,01/10/2020 16:31:01,1601569861610,1,01/10/2020 17:31:01,27347,3,task-qgn4,,7038124,5f053ca10207bf83952e9acd,2035598,,complete,,5f7603c3f0a20203b4f5c341,computer,Desktop or Laptop,Windows 10,Chrome 85.0.4183.121,1366x768,1366x663,,HeadphonesCheck,1,Bad Mood,1903.8200000068173,/task/40825/1/asset/Owl.mp3,0
4,1601569865366,01/10/2020 16:31:05,1601569865118,1,01/10/2020 17:31:05,27347,3,task-qgn4,,7038124,5f053ca10207bf83952e9acd,2035598,,complete,,5f7603c3f0a20203b4f5c341,computer,Desktop or Laptop,Windows 10,Chrome 85.0.4183.121,1366x768,1366x663,,HeadphonesCheck,1,Bad Mood,3502.8000000165775,/task/40825/1/asset/Goat.mp3,0
1,1601569901642,01/10/2020 16:31:41,1601569911914,1,01/10/2020 17:31:51,27347,3,task-qgn4,,7038153,5f3dc6a9e5391b1d7eea62f8,2035591,,complete,,5f760365a6eafb0372d2b5eb,computer,Desktop or Laptop,Windows 10,Chrome 85.0.4183.121,1366x768,1366x625,,HeadphonesCheck,1,Control,16839.225000000624,"<p style=""color: black; font-size: 28px; font-weight: bold;"">This is a sound check. Please turn on the sound on.</p>",
2,1601569906048,01/10/2020 16:31:46,1601569916379,1,01/10/2020 17:31:56,27347,3,task-qgn4,,7038153,5f3dc6a9e5391b1d7eea62f8,2035591,,complete,,5f760365a6eafb0372d2b5eb,computer,Desktop or Laptop,Windows 10,Chrome 85.0.4183.121,1366x768,1366x625,,HeadphonesCheck,1,Control,4412.08000000006,/task/40825/1/asset/Dog.mp3,1
3,1601569909548,01/10/2020 16:31:49,1601569919872,1,01/10/2020 17:31:59,27347,3,task-qgn4,,7038153,5f3dc6a9e5391b1d7eea62f8,2035591,,complete,,5f760365a6eafb0372d2b5eb,computer,Desktop or Laptop,Windows 10,Chrome 85.0.4183.121,1366x768,1366x625,,HeadphonesCheck,1,Control,3477.1150000005946,/task/40825/1/asset/Owl.mp3,0
4,1601569911501,01/10/2020 16:31:51,1601569921898,1,01/10/2020 17:32:01,27347,3,task-qgn4,,7038153,5f3dc6a9e5391b1d7eea62f8,2035591,,complete,,5f760365a6eafb0372d2b5eb,computer,Desktop or Laptop,Windows 10,Chrome 85.0.4183.121,1366x768,1366x625,,HeadphonesCheck,1,Control,2011.1350000006496,/task/40825/1/asset/Goat.mp3,0
1,1601569927986,01/10/2020 16:32:07,1601569924260,-4,01/10/2020 12:32:04,27347,3,task-qgn4,,7038157,5e45a7e926e79c000bc12a85,2035595,,complete,,5f7603a6d14cd8038aad8e58,computer,Desktop or Laptop,Windows 10,Chrome 85.0.4183.121,1920x1080,1920x969,,HeadphonesCheck,1,Bad Mood,37669.61499999161,"<p style=""color: black; font-size: 28px; font-weight: bold;"">This is a sound check. Please turn on the sound on.</p>",
2,1601569938810,01/10/2020 16:32:18,1601569935159,-4,01/10/2020 12:32:15,27347,3,task-qgn4,,7038157,5e45a7e926e79c000bc12a85,2035595,,complete,,5f7603a6d14cd8038aad8e58,computer,Desktop or Laptop,Windows 10,Chrome 85.0.4183.121,1920x1080,1920x969,,HeadphonesCheck,1,Bad Mood,10864.289999997709,/task/40825/1/asset/Dog.mp3,1
3,1601569943184,01/10/2020 16:32:23,1601569939542,-4,01/10/2020 12:32:19,27347,3,task-qgn4,,7038157,5e45a7e926e79c000bc12a85,2035595,,complete,,5f7603a6d14cd8038aad8e58,computer,Desktop or Laptop,Windows 10,Chrome 85.0.4183.121,1920x1080,1920x969,,HeadphonesCheck,1,Bad Mood,4381.069999973988,/task/40825/1/asset/Owl.mp3,0
4,1601569945656,01/10/2020 16:32:25,1601569942006,-4,01/10/2020 12:32:22,27347,3,task-qgn4,,7038157,5e45a7e926e79c000bc12a85,2035595,,complete,,5f7603a6d14cd8038aad8e58,computer,Desktop or Laptop,Windows 10,Chrome 85.0.4183.121,1920x1080,1920x969,,HeadphonesCheck,1,Bad Mood,2462.4600000097416,/task/40825/1/asset/Goat.mp3,0
1,1601569905768,01/10/2020 16:31:45,1601569901447,1,01/10/2020 17:31:41,27347,3,task-qgn4,,7038164,5e06174335a7a5006aa0df98,2035613,,complete,,5f76042e16f58b022c893356,computer,Desktop or Laptop,Windows 10,Chrome 85.0.4183.121,1536x864,1536x760,,HeadphonesCheck,1,Bad Mood,5266.204999992624,"<p style=""color: black; font-size: 28px; font-weight: bold;"">This is a sound check. Please turn on the sound on.</p>",
2,1601569909031,01/10/2020 16:31:49,1601569904738,1,01/10/2020 17:31:44,27347,3,task-qgn4,,7038164,5e06174335a7a5006aa0df98,2035613,,complete,,5f76042e16f58b022c893356,computer,Desktop or Laptop,Windows 10,Chrome 85.0.4183.121,1536x864,1536x760,,HeadphonesCheck,1,Bad Mood,3252.945000072941,/task/40825/1/asset/Dog.mp3,1
3,1601569911439,01/10/2020 16:31:51,1601569907160,1,01/10/2020 17:31:47,27347,3,task-qgn4,,7038164,5e06174335a7a5006aa0df98,2035613,,complete,,5f76042e16f58b022c893356,computer,Desktop or Laptop,Windows 10,Chrome 85.0.4183.121,1536x864,1536x760,,HeadphonesCheck,1,Bad Mood,2418.7699999893084,/task/40825/1/asset/Owl.mp3,0
4,1601569916418,01/10/2020 16:31:56,1601569912135,1,01/10/2020 17:31:52,27347,3,task-qgn4,,7038164,5e06174335a7a5006aa0df98,2035613,,complete,,5f76042e16f58b022c893356,computer,Desktop or Laptop,Windows 10,Chrome 85.0.4183.121,1536x864,1536x760,,HeadphonesCheck,1,Bad Mood,4975.559999933466,/task/40825/1/asset/Goat.mp3,0
1,1601569918276,01/10/2020 16:31:58,1601569919363,1,01/10/2020 17:31:59,27347,3,task-qgn4,,7038168,57c57ea095a3ea00016e5a14,2035608,,complete,,5f7603e4cb63b30384f0d114,computer,Desktop or Laptop,Windows 10,Chrome 85.0.4183.121,1920x1080,1920x937,,HeadphonesCheck,1,Bad Mood,8404.45000003092,"<p style=""color: black; font-size: 28px; font-weight: bold;"">This is a sound check. Please turn on the sound on.</p>",
2,1601569927199,01/10/2020 16:32:07,1601569928341,1,01/10/2020 17:32:08,27347,3,task-qgn4,,7038168,57c57ea095a3ea00016e5a14,2035608,,complete,,5f7603e4cb63b30384f0d114,computer,Desktop or Laptop,Windows 10,Chrome 85.0.4183.121,1920x1080,1920x937,,HeadphonesCheck,1,Bad Mood,8943.689999985509,/task/40825/1/asset/Dog.mp3,1
3,1601569932424,01/10/2020 16:32:12,1601569933594,1,01/10/2020 17:32:13,27347,3,task-qgn4,,7038168,57c57ea095a3ea00016e5a14,2035608,,complete,,5f7603e4cb63b30384f0d114,computer,Desktop or Laptop,Windows 10,Chrome 85.0.4183.121,1920x1080,1920x937,,HeadphonesCheck,1,Bad Mood,5245.234999922104,/task/40825/1/asset/Owl.mp3,0
4,1601569935331,01/10/2020 16:32:15,1601569936506,1,01/10/2020 17:32:16,27347,3,task-qgn4,,7038168,57c57ea095a3ea00016e5a14,2035608,,complete,,5f7603e4cb63b30384f0d114,computer,Desktop or Laptop,Windows 10,Chrome 85.0.4183.121,1920x1080,1920x937,,HeadphonesCheck,1,Bad Mood,2906.290000071749,/task/40825/1/asset/Goat.mp3,0
1,1601569923094,01/10/2020 16:32:03,1601569921928,1,01/10/2020 17:32:01,27347,3,task-qgn4,,7038169,5f5e68de69102570cd58fb1e,2035574,,complete,,5f760315bb692103b2264a8e,computer,Desktop or Laptop,Windows 10,Chrome 85.0.4183.121,1536x864,1536x754,,HeadphonesCheck,1,Bad Mood,13331.700000000637,"<p style=""color: black; font-size: 28px; font-weight: bold;"">This is a sound check. Please turn on the sound on.</p>",
2,1601569926620,01/10/2020 16:32:06,1601569925499,1,01/10/2020 17:32:05,27347,3,task-qgn4,,7038169,5f5e68de69102570cd58fb1e,2035574,,complete,,5f760315bb692103b2264a8e,computer,Desktop or Laptop,Windows 10,Chrome 85.0.4183.121,1536x864,1536x754,,HeadphonesCheck,1,Bad Mood,3558.890000000247,/task/40825/1/asset/Dog.mp3,1
3,1601569929611,01/10/2020 16:32:09,1601569928599,1,01/10/2020 17:32:08,27347,3,task-qgn4,,7038169,5f5e68de69102570cd58fb1e,2035574,,complete,,5f760315bb692103b2264a8e,computer,Desktop or Laptop,Windows 10,Chrome 85.0.4183.121,1536x864,1536x754,,HeadphonesCheck,1,Bad Mood,3092.1349999989616,/task/40825/1/asset/Owl.mp3,0
4,1601569932660,01/10/2020 16:32:12,1601569931649,1,01/10/2020 17:32:11,27347,3,task-qgn4,,7038169,5f5e68de69102570cd58fb1e,2035574,,complete,,5f760315bb692103b2264a8e,computer,Desktop or Laptop,Windows 10,Chrome 85.0.4183.121,1536x864,1536x754,,HeadphonesCheck,1,Bad Mood,3043.0149999992864,/task/40825/1/asset/Goat.mp3,0
1,1601570006034,01/10/2020 16:33:26,1601570005899,1,01/10/2020 17:33:25,27347,3,task-qgn4,,7038185,5f5a1776a15e3f05e07394f7,2035605,,complete,,5f76041143465b03a647ff57,computer,Desktop or Laptop,Mac OS 10.13.6,Chrome 84.0.4147.105,1280x800,1280x666,,HeadphonesCheck,1,Control,5386.424999975134,"<p style=""color: black; font-size: 28px; font-weight: bold;"">This is a sound check. Please turn on the sound on.</p>",
2,1601570008524,01/10/2020 16:33:28,1601570008413,1,01/10/2020 17:33:28,27347,3,task-qgn4,,7038185,5f5a1776a15e3f05e07394f7,2035605,,complete,,5f76041143465b03a647ff57,computer,Desktop or Laptop,Mac OS 10.13.6,Chrome 84.0.4147.105,1280x800,1280x666,,HeadphonesCheck,1,Control,2508.139999990817,/task/40825/1/asset/Dog.mp3,1
3,1601570011353,01/10/2020 16:33:31,1601570011237,1,01/10/2020 17:33:31,27347,3,task-qgn4,,7038185,5f5a1776a15e3f05e07394f7,2035605,,complete,,5f76041143465b03a647ff57,computer,Desktop or Laptop,Mac OS 10.13.6,Chrome 84.0.4147.105,1280x800,1280x666,,HeadphonesCheck,1,Control,2821.2750000529923,/task/40825/1/asset/Owl.mp3,0
4,1601570013702,01/10/2020 16:33:33,1601570013601,1,01/10/2020 17:33:33,27347,3,task-qgn4,,7038185,5f5a1776a15e3f05e07394f7,2035605,,complete,,5f76041143465b03a647ff57,computer,Desktop or Laptop,Mac OS 10.13.6,Chrome 84.0.4147.105,1280x800,1280x666,,HeadphonesCheck,1,Control,2360.950000002049,/task/40825/1/asset/Goat.mp3,0
1,1601569962219,01/10/2020 16:32:42,1601569962168,1,01/10/2020 17:32:42,27347,3,task-qgn4,,7038194,5f4f4f4aed65db01cc168798,2035620,,complete,,5f7603436ce68503a383ebda,computer,Desktop or Laptop,Mac OS 10.10.5,Chrome 85.0.4183.121,1280x800,1280x720,,HeadphonesCheck,1,Control,5256.76999999996,"<p style=""color: black; font-size: 28px; font-weight: bold;"">This is a sound check. Please turn on the sound on.</p>",
2,1601569965461,01/10/2020 16:32:45,1601569965451,1,01/10/2020 17:32:45,27347,3,task-qgn4,,7038194,5f4f4f4aed65db01cc168798,2035620,,complete,,5f7603436ce68503a383ebda,computer,Desktop or Laptop,Mac OS 10.10.5,Chrome 85.0.4183.121,1280x800,1280x720,,HeadphonesCheck,1,Control,3270.710000000008,/task/40825/1/asset/Dog.mp3,1
3,1601569967651,01/10/2020 16:32:47,1601569967632,1,01/10/2020 17:32:47,27347,3,task-qgn4,,7038194,5f4f4f4aed65db01cc168798,2035620,,complete,,5f7603436ce68503a383ebda,computer,Desktop or Laptop,Mac OS 10.10.5,Chrome 85.0.4183.121,1280x800,1280x720,,HeadphonesCheck,1,Control,2177.500000000009,/task/40825/1/asset/Owl.mp3,0
4,1601569971745,01/10/2020 16:32:51,1601569971746,1,01/10/2020 17:32:51,27347,3,task-qgn4,,7038194,5f4f4f4aed65db01cc168798,2035620,,complete,,5f7603436ce68503a383ebda,computer,Desktop or Laptop,Mac OS 10.10.5,Chrome 85.0.4183.121,1280x800,1280x720,,HeadphonesCheck,1,Control,4110.695000000076,/task/40825/1/asset/Goat.mp3,0
1,1601569962484,01/10/2020 16:32:42,1601569962388,1,01/10/2020 17:32:42,27347,3,task-qgn4,,7038196,5f1079a96859bd070a839b9d,2035621,,complete,,5f76045fe4b54f03b6a53ba3,computer,Desktop or Laptop,Mac OS 10.15.6,Chrome 85.0.4183.121,1440x900,1440x789,,HeadphonesCheck,1,Control,3284.235000028275,"<p style=""color: black; font-size: 28px; font-weight: bold;"">This is a sound check. Please turn on the sound on.</p>",
2,1601569965351,01/10/2020 16:32:45,1601569965310,1,01/10/2020 17:32:45,27347,3,task-qgn4,,7038196,5f1079a96859bd070a839b9d,2035621,,complete,,5f76045fe4b54f03b6a53ba3,computer,Desktop or Laptop,Mac OS 10.15.6,Chrome 85.0.4183.121,1440x900,1440x789,,HeadphonesCheck,1,Control,2910.1800000062212,/task/40825/1/asset/Dog.mp3,1
3,1601569967008,01/10/2020 16:32:47,1601569966970,1,01/10/2020 17:32:46,27347,3,task-qgn4,,7038196,5f1079a96859bd070a839b9d,2035621,,complete,,5f76045fe4b54f03b6a53ba3,computer,Desktop or Laptop,Mac OS 10.15.6,Chrome 85.0.4183.121,1440x900,1440x789,,HeadphonesCheck,1,Control,1657.8299999819137,/task/40825/1/asset/Owl.mp3,0
4,1601569969120,01/10/2020 16:32:49,1601569969051,1,01/10/2020 17:32:49,27347,3,task-qgn4,,7038196,5f1079a96859bd070a839b9d,2035621,,complete,,5f76045fe4b54f03b6a53ba3,computer,Desktop or Laptop,Mac OS 10.15.6,Chrome 85.0.4183.121,1440x900,1440x789,,HeadphonesCheck,1,Control,2078.5349999787286,/task/40825/1/asset/Goat.mp3,0
1,1601570000769,01/10/2020 16:33:20,1601570000671,1,01/10/2020 17:33:20,27347,3,task-qgn4,,7038222,5f40484f378b6d182706f54d,2035616,,complete,,5f760445c0c40e03f8eb99b1,computer,Desktop or Laptop,Mac OS 10.15.7,Chrome 85.0.4183.121,1440x900,1279x680,,HeadphonesCheck,1,Control,3820.064999999886,"<p style=""color: black; font-size: 28px; font-weight: bold;"">This is a sound check. Please turn on the sound on.</p>",
2,1601570006206,01/10/2020 16:33:26,1601570006130,1,01/10/2020 17:33:26,27347,3,task-qgn4,,7038222,5f40484f378b6d182706f54d,2035616,,complete,,5f760445c0c40e03f8eb99b1,computer,Desktop or Laptop,Mac OS 10.15.7,Chrome 85.0.4183.121,1440x900,1279x680,,HeadphonesCheck,1,Control,5445.705000000089,/task/40825/1/asset/Dog.mp3,1
3,1601570013371,01/10/2020 16:33:33,1601570013310,1,01/10/2020 17:33:33,27347,3,task-qgn4,,7038222,5f40484f378b6d182706f54d,2035616,,complete,,5f760445c0c40e03f8eb99b1,computer,Desktop or Laptop,Mac OS 10.15.7,Chrome 85.0.4183.121,1440x900,1279x680,,HeadphonesCheck,1,Control,7175.934999999299,/task/40825/1/asset/Owl.mp3,0
4,1601570014849,01/10/2020 16:33:34,1601570014783,1,01/10/2020 17:33:34,27347,3,task-qgn4,,7038222,5f40484f378b6d182706f54d,2035616,,complete,,5f760445c0c40e03f8eb99b1,computer,Desktop or Laptop,Mac OS 10.15.7,Chrome 85.0.4183.121,1440x900,1279x680,,HeadphonesCheck,1,Control,1470.179999998436,/task/40825/1/asset/Goat.mp3,0
1,1601570009978,01/10/2020 16:33:29,1601570009867,2,01/10/2020 18:33:29,27347,3,task-qgn4,,7038228,5f6f32f68322f6491511b1e3,2035610,,complete,,5f76042fc94048017b87da19,computer,Desktop or Laptop,Mac OS 10.15.6,Chrome 85.0.4183.102,1440x900,1440x725,,HeadphonesCheck,1,Bad Mood,6815.73999999091,"<p style=""color: black; font-size: 28px; font-weight: bold;"">This is a sound check. Please turn on the sound on.</p>",
2,1601570012715,01/10/2020 16:33:32,1601570012660,2,01/10/2020 18:33:32,27347,3,task-qgn4,,7038228,5f6f32f68322f6491511b1e3,2035610,,complete,,5f76042fc94048017b87da19,computer,Desktop or Laptop,Mac OS 10.15.6,Chrome 85.0.4183.102,1440x900,1440x725,,HeadphonesCheck,1,Bad Mood,2781.459999969229,/task/40825/1/asset/Dog.mp3,1
3,1601570014735,01/10/2020 16:33:34,1601570014671,2,01/10/2020 18:33:34,27347,3,task-qgn4,,7038228,5f6f32f68322f6491511b1e3,2035610,,complete,,5f76042fc94048017b87da19,computer,Desktop or Laptop,Mac OS 10.15.6,Chrome 85.0.4183.102,1440x900,1440x725,,HeadphonesCheck,1,Bad Mood,2005.6300000287592,/task/40825/1/asset/Owl.mp3,0
4,1601570015965,01/10/2020 16:33:35,1601570015929,2,01/10/2020 18:33:35,27347,3,task-qgn4,,7038228,5f6f32f68322f6491511b1e3,2035610,,complete,,5f76042fc94048017b87da19,computer,Desktop or Laptop,Mac OS 10.15.6,Chrome 85.0.4183.102,1440x900,1440x725,,HeadphonesCheck,1,Bad Mood,1254.7900000354275,/task/40825/1/asset/Goat.mp3,0
1,1601570018443,01/10/2020 16:33:38,1601570018203,1,01/10/2020 17:33:38,27347,3,task-qgn4,,7038231,5ea027abeeea79038d904447,2035625,,complete,,5f7604088dd517033f9e6d58,computer,Desktop or Laptop,Windows 10,Chrome 85.0.4183.121,1536x864,1536x722,,HeadphonesCheck,1,Control,7430.550000019139,"<p style=""color: black; font-size: 28px; font-weight: bold;"">This is a sound check. Please turn on the sound on.</p>",
2,1601570024566,01/10/2020 16:33:44,1601570024451,1,01/10/2020 17:33:44,27347,3,task-qgn4,,7038231,5ea027abeeea79038d904447,2035625,,complete,,5f7604088dd517033f9e6d58,computer,Desktop or Laptop,Windows 10,Chrome 85.0.4183.121,1536x864,1536x722,,HeadphonesCheck,1,Control,6229.939999990165,/task/40825/1/asset/Dog.mp3,1
3,1601570033203,01/10/2020 16:33:53,1601570033135,1,01/10/2020 17:33:53,27347,3,task-qgn4,,7038231,5ea027abeeea79038d904447,2035625,,complete,,5f7604088dd517033f9e6d58,computer,Desktop or Laptop,Windows 10,Chrome 85.0.4183.121,1536x864,1536x722,,HeadphonesCheck,1,Control,8681.219999998575,/task/40825/1/asset/Owl.mp3,1
4,1601570035355,01/10/2020 16:33:55,1601570035319,1,01/10/2020 17:33:55,27347,3,task-qgn4,,7038231,5ea027abeeea79038d904447,2035625,,complete,,5f7604088dd517033f9e6d58,computer,Desktop or Laptop,Windows 10,Chrome 85.0.4183.121,1536x864,1536x722,,HeadphonesCheck,1,Control,2179.6899999899324,/task/40825/1/asset/Goat.mp3,0
1,1601570074451,01/10/2020 16:34:34,1601570074315,1,01/10/2020 17:34:34,27347,3,task-qgn4,,7038273,5dae21b2232c620011d6a06e,2035633,,complete,,5f76049675b83a0241a16cfb,computer,Desktop or Laptop,Mac OS 10.15.7,Chrome 85.0.4183.121,1440x900,1440x789,,HeadphonesCheck,1,Control,4818.224999999984,"<p style=""color: black; font-size: 28px; font-weight: bold;"">This is a sound check. Please turn on the sound on.</p>",
2,1601570077451,01/10/2020 16:34:37,1601570077421,1,01/10/2020 17:34:37,27347,3,task-qgn4,,7038273,5dae21b2232c620011d6a06e,2035633,,complete,,5f76049675b83a0241a16cfb,computer,Desktop or Laptop,Mac OS 10.15.7,Chrome 85.0.4183.121,1440x900,1440x789,,HeadphonesCheck,1,Control,3094.7949999999764,/task/40825/1/asset/Dog.mp3,1
3,1601570080001,01/10/2020 16:34:40,1601570079947,1,01/10/2020 17:34:39,27347,3,task-qgn4,,7038273,5dae21b2232c620011d6a06e,2035633,,complete,,5f76049675b83a0241a16cfb,computer,Desktop or Laptop,Mac OS 10.15.7,Chrome 85.0.4183.121,1440x900,1440x789,,HeadphonesCheck,1,Control,2523.8549999999123,/task/40825/1/asset/Owl.mp3,0
4,1601570083772,01/10/2020 16:34:43,1601570083737,1,01/10/2020 17:34:43,27347,3,task-qgn4,,7038273,5dae21b2232c620011d6a06e,2035633,,complete,,5f76049675b83a0241a16cfb,computer,Desktop or Laptop,Mac OS 10.15.7,Chrome 85.0.4183.121,1440x900,1440x789,,HeadphonesCheck,1,Control,3787.2299999999086,/task/40825/1/asset/Goat.mp3,0
1,1601570109352,01/10/2020 16:35:09,1601570109823,1,01/10/2020 17:35:09,27347,3,task-qgn4,,7038292,5f6317e59a324e28371d5b94,2035609,,complete,,5f76027358ab36027df85198,computer,Desktop or Laptop,Windows 10,Chrome 85.0.4183.121,1536x864,1536x754,,HeadphonesCheck,1,Control,11396.58000000054,"<p style=""color: black; font-size: 28px; font-weight: bold;"">This is a sound check. Please turn on the sound on.</p>",
2,1601570115364,01/10/2020 16:35:15,1601570115843,1,01/10/2020 17:35:15,27347,3,task-qgn4,,7038292,5f6317e59a324e28371d5b94,2035609,,complete,,5f76027358ab36027df85198,computer,Desktop or Laptop,Windows 10,Chrome 85.0.4183.121,1536x864,1536x754,,HeadphonesCheck,1,Control,5989.524999982677,/task/40825/1/asset/Dog.mp3,1
3,1601570123831,01/10/2020 16:35:23,1601570124340,1,01/10/2020 17:35:24,27347,3,task-qgn4,,7038292,5f6317e59a324e28371d5b94,2035609,,complete,,5f76027358ab36027df85198,computer,Desktop or Laptop,Windows 10,Chrome 85.0.4183.121,1536x864,1536x754,,HeadphonesCheck,1,Control,8488.599999982398,/task/40825/1/asset/Owl.mp3,0
4,1601570140882,01/10/2020 16:35:40,1601570141383,1,01/10/2020 17:35:41,27347,3,task-qgn4,,7038292,5f6317e59a324e28371d5b94,2035609,,complete,,5f76027358ab36027df85198,computer,Desktop or Laptop,Windows 10,Chrome 85.0.4183.121,1536x864,1536x754,,HeadphonesCheck,1,Control,17036.57500000554,/task/40825/1/asset/Goat.mp3,3
1,1601570105322,01/10/2020 16:35:05,1601570105283,1,01/10/2020 17:35:05,27347,3,task-qgn4,,7038294,5e850a7b45c5ca0ec7b99507,2035643,,complete,,5f7604f5dc37e30387c48891,computer,Desktop or Laptop,Mac OS 10.15.7,Chrome 78.0.3904.97,1440x900,1430x740,,HeadphonesCheck,1,Control,4160.59500000847,"<p style=""color: black; font-size: 28px; font-weight: bold;"">This is a sound check. Please turn on the sound on.</p>",
2,1601570111118,01/10/2020 16:35:11,1601570111126,1,01/10/2020 17:35:11,27347,3,task-qgn4,,7038294,5e850a7b45c5ca0ec7b99507,2035643,,complete,,5f7604f5dc37e30387c48891,computer,Desktop or Laptop,Mac OS 10.15.7,Chrome 78.0.3904.97,1440x900,1430x740,,HeadphonesCheck,1,Control,5824.024999994435,/task/40825/1/asset/Dog.mp3,1
3,1601570114411,01/10/2020 16:35:14,1601570114397,1,01/10/2020 17:35:14,27347,3,task-qgn4,,7038294,5e850a7b45c5ca0ec7b99507,2035643,,complete,,5f7604f5dc37e30387c48891,computer,Desktop or Laptop,Mac OS 10.15.7,Chrome 78.0.3904.97,1440x900,1430x740,,HeadphonesCheck,1,Control,3266.6800000006333,/task/40825/1/asset/Owl.mp3,0
4,1601570116380,01/10/2020 16:35:16,1601570116388,1,01/10/2020 17:35:16,27347,3,task-qgn4,,7038294,5e850a7b45c5ca0ec7b99507,2035643,,complete,,5f7604f5dc37e30387c48891,computer,Desktop or Laptop,Mac OS 10.15.7,Chrome 78.0.3904.97,1440x900,1430x740,,HeadphonesCheck,1,Control,1988.7149999995017,/task/40825/1/asset/Goat.mp3,0
1,1601570130147,01/10/2020 16:35:30,1601570128938,1,01/10/2020 17:35:28,27347,3,task-qgn4,,7038309,5ef79fe99ff5ac0c76bc349d,2035634,,complete,,5f7604d606b78603e75b6734,computer,Desktop or Laptop,Windows 10,Chrome 85.0.4183.121,1366x768,1366x625,,HeadphonesCheck,1,Bad Mood,6579.895000089891,"<p style=""color: black; font-size: 28px; font-weight: bold;"">This is a sound check. Please turn on the sound on.</p>",
2,1601570133003,01/10/2020 16:35:33,1601570131922,1,01/10/2020 17:35:31,27347,3,task-qgn4,,7038309,5ef79fe99ff5ac0c76bc349d,2035634,,complete,,5f7604d606b78603e75b6734,computer,Desktop or Laptop,Windows 10,Chrome 85.0.4183.121,1366x768,1366x625,,HeadphonesCheck,1,Bad Mood,2965.470000053756,/task/40825/1/asset/Dog.mp3,1
3,1601570136268,01/10/2020 16:35:36,1601570135218,1,01/10/2020 17:35:35,27347,3,task-qgn4,,7038309,5ef79fe99ff5ac0c76bc349d,2035634,,complete,,5f7604d606b78603e75b6734,computer,Desktop or Laptop,Windows 10,Chrome 85.0.4183.121,1366x768,1366x625,,HeadphonesCheck,1,Bad Mood,3290.2049999684095,/task/40825/1/asset/Owl.mp3,0
4,1601570138523,01/10/2020 16:35:38,1601570137373,1,01/10/2020 17:35:37,27347,3,task-qgn4,,7038309,5ef79fe99ff5ac0c76bc349d,2035634,,complete,,5f7604d606b78603e75b6734,computer,Desktop or Laptop,Windows 10,Chrome 85.0.4183.121,1366x768,1366x625,,HeadphonesCheck,1,Bad Mood,2146.6749999672174,/task/40825/1/asset/Goat.mp3,0
1,1601570147288,01/10/2020 16:35:47,1601570147865,1,01/10/2020 17:35:47,27347,3,task-qgn4,,7038322,5ea1e55e7e4bd50ccfed3111,2035644,,complete,,5f7604853bf0b60400ae9109,computer,Desktop or Laptop,Windows 10,Chrome 85.0.4183.121,1368x912,1368x802,,HeadphonesCheck,1,Bad Mood,4549.174999934621,"<p style=""color: black; font-size: 28px; font-weight: bold;"">This is a sound check. Please turn on the sound on.</p>",
2,1601570150859,01/10/2020 16:35:50,1601570151538,1,01/10/2020 17:35:51,27347,3,task-qgn4,,7038322,5ea1e55e7e4bd50ccfed3111,2035644,,complete,,5f7604853bf0b60400ae9109,computer,Desktop or Laptop,Windows 10,Chrome 85.0.4183.121,1368x912,1368x802,,HeadphonesCheck,1,Bad Mood,3580.1399999763817,/task/40825/1/asset/Dog.mp3,1
3,1601570152188,01/10/2020 16:35:52,1601570153003,1,01/10/2020 17:35:53,27347,3,task-qgn4,,7038322,5ea1e55e7e4bd50ccfed3111,2035644,,complete,,5f7604853bf0b60400ae9109,computer,Desktop or Laptop,Windows 10,Chrome 85.0.4183.121,1368x912,1368x802,,HeadphonesCheck,1,Bad Mood,1459.6400000154972,/task/40825/1/asset/Owl.mp3,0
4,1601570153742,01/10/2020 16:35:53,1601570154554,1,01/10/2020 17:35:54,27347,3,task-qgn4,,7038322,5ea1e55e7e4bd50ccfed3111,2035644,,complete,,5f7604853bf0b60400ae9109,computer,Desktop or Laptop,Windows 10,Chrome 85.0.4183.121,1368x912,1368x802,,HeadphonesCheck,1,Bad Mood,1548.1200000504032,/task/40825/1/asset/Goat.mp3,0
1,1601570211728,01/10/2020 16:36:51,1601570211901,1,01/10/2020 17:36:51,27347,3,task-qgn4,,7038351,5f160b328f75e54fa4b8be51,2035648,,complete,,5f760520c3a3e1035ea9bef1,computer,Desktop or Laptop,Windows 10,Chrome 85.0.4183.121,1920x1080,952x967,,HeadphonesCheck,1,Control,3812.0750000016415,"<p style=""color: black; font-size: 28px; font-weight: bold;"">This is a sound check. Please turn on the sound on.</p>",
2,1601570214525,01/10/2020 16:36:54,1601570214753,1,01/10/2020 17:36:54,27347,3,task-qgn4,,7038351,5f160b328f75e54fa4b8be51,2035648,,complete,,5f760520c3a3e1035ea9bef1,computer,Desktop or Laptop,Windows 10,Chrome 85.0.4183.121,1920x1080,952x967,,HeadphonesCheck,1,Control,2837.2400000007474,/task/40825/1/asset/Dog.mp3,1
3,1601570216135,01/10/2020 16:36:56,1601570216368,1,01/10/2020 17:36:56,27347,3,task-qgn4,,7038351,5f160b328f75e54fa4b8be51,2035648,,complete,,5f760520c3a3e1035ea9bef1,computer,Desktop or Laptop,Windows 10,Chrome 85.0.4183.121,1920x1080,952x967,,HeadphonesCheck,1,Control,1613.2399999987683,/task/40825/1/asset/Owl.mp3,0
4,1601570218438,01/10/2020 16:36:58,1601570218627,1,01/10/2020 17:36:58,27347,3,task-qgn4,,7038351,5f160b328f75e54fa4b8be51,2035648,,complete,,5f760520c3a3e1035ea9bef1,computer,Desktop or Laptop,Windows 10,Chrome 85.0.4183.121,1920x1080,952x967,,HeadphonesCheck,1,Control,2258.2649999967543,/task/40825/1/asset/Goat.mp3,0
1,1601570245761,01/10/2020 16:37:25,1601570244816,1,01/10/2020 17:37:24,27347,3,task-qgn4,,7038369,5e68c17435d2c715749119bf,2035651,,complete,,5f760552e85388040425e6c4,computer,Desktop or Laptop,Mac OS 10.12.6,Chrome 85.0.4183.121,2560x1080,2560x969,,HeadphonesCheck,1,Control,8819.45000000087,"<p style=""color: black; font-size: 28px; font-weight: bold;"">This is a sound check. Please turn on the sound on.</p>",
2,1601570248826,01/10/2020 16:37:28,1601570247908,1,01/10/2020 17:37:27,27347,3,task-qgn4,,7038369,5e68c17435d2c715749119bf,2035651,,complete,,5f760552e85388040425e6c4,computer,Desktop or Laptop,Mac OS 10.12.6,Chrome 85.0.4183.121,2560x1080,2560x969,,HeadphonesCheck,1,Control,3075.1949999994395,/task/40825/1/asset/Dog.mp3,1
3,1601570251802,01/10/2020 16:37:31,1601570250886,1,01/10/2020 17:37:30,27347,3,task-qgn4,,7038369,5e68c17435d2c715749119bf,2035651,,complete,,5f760552e85388040425e6c4,computer,Desktop or Laptop,Mac OS 10.12.6,Chrome 85.0.4183.121,2560x1080,2560x969,,HeadphonesCheck,1,Control,2974.770000000717,/task/40825/1/asset/Owl.mp3,0
4,1601570253576,01/10/2020 16:37:33,1601570252652,1,01/10/2020 17:37:32,27347,3,task-qgn4,,7038369,5e68c17435d2c715749119bf,2035651,,complete,,5f760552e85388040425e6c4,computer,Desktop or Laptop,Mac OS 10.12.6,Chrome 85.0.4183.121,2560x1080,2560x969,,HeadphonesCheck,1,Control,1763.6599999987084,/task/40825/1/asset/Goat.mp3,0
1,1601570271325,01/10/2020 16:37:51,1601570274218,1,01/10/2020 17:37:54,27347,3,task-qgn4,,7038389,5e8f3567c6ec091fc63574a0,2035656,,complete,,5f7605a0d2ddfa0348ce4545,computer,Desktop or Laptop,Mac OS 10.11.6,Chrome 84.0.4147.105,1366x768,1366x657,,HeadphonesCheck,1,Control,3930.5199999944307,"<p style=""color: black; font-size: 28px; font-weight: bold;"">This is a sound check. Please turn on the sound on.</p>",
2,1601570275567,01/10/2020 16:37:55,1601570278483,1,01/10/2020 17:37:58,27347,3,task-qgn4,,7038389,5e8f3567c6ec091fc63574a0,2035656,,complete,,5f7605a0d2ddfa0348ce4545,computer,Desktop or Laptop,Mac OS 10.11.6,Chrome 84.0.4147.105,1366x768,1366x657,,HeadphonesCheck,1,Control,4248.519999964628,/task/40825/1/asset/Dog.mp3,1
3,1601570277251,01/10/2020 16:37:57,1601570280174,1,01/10/2020 17:38:00,27347,3,task-qgn4,,7038389,5e8f3567c6ec091fc63574a0,2035656,,complete,,5f7605a0d2ddfa0348ce4545,computer,Desktop or Laptop,Mac OS 10.11.6,Chrome 84.0.4147.105,1366x768,1366x657,,HeadphonesCheck,1,Control,1687.0750000234693,/task/40825/1/asset/Owl.mp3,0
4,1601570278778,01/10/2020 16:37:58,1601570281709,1,01/10/2020 17:38:01,27347,3,task-qgn4,,7038389,5e8f3567c6ec091fc63574a0,2035656,,complete,,5f7605a0d2ddfa0348ce4545,computer,Desktop or Laptop,Mac OS 10.11.6,Chrome 84.0.4147.105,1366x768,1366x657,,HeadphonesCheck,1,Control,1530.190000019502,/task/40825/1/asset/Goat.mp3,0
1,1601570288514,01/10/2020 16:38:08,1601570288012,1,01/10/2020 17:38:08,27347,3,task-qgn4,,7038402,54d193cefdf99b160625a0f4,2035654,,complete,,5f76055625023603b0f272ab,computer,Desktop or Laptop,Windows 10,Chrome 85.0.4183.121,1920x1080,1920x937,,HeadphonesCheck,1,Control,4003.5900000002584,"<p style=""color: black; font-size: 28px; font-weight: bold;"">This is a sound check. Please turn on the sound on.</p>",
2,1601570295664,01/10/2020 16:38:15,1601570295013,1,01/10/2020 17:38:15,27347,3,task-qgn4,,7038402,54d193cefdf99b160625a0f4,2035654,,complete,,5f76055625023603b0f272ab,computer,Desktop or Laptop,Windows 10,Chrome 85.0.4183.121,1920x1080,1920x937,,HeadphonesCheck,1,Control,6994.554999999309,/task/40825/1/asset/Dog.mp3,1
3,1601570297195,01/10/2020 16:38:17,1601570296725,1,01/10/2020 17:38:16,27347,3,task-qgn4,,7038402,54d193cefdf99b160625a0f4,2035654,,complete,,5f76055625023603b0f272ab,computer,Desktop or Laptop,Windows 10,Chrome 85.0.4183.121,1920x1080,1920x937,,HeadphonesCheck,1,Control,1709.3650000006164,/task/40825/1/asset/Owl.mp3,0
4,1601570299720,01/10/2020 16:38:19,1601570299253,1,01/10/2020 17:38:19,27347,3,task-qgn4,,7038402,54d193cefdf99b160625a0f4,2035654,,complete,,5f76055625023603b0f272ab,computer,Desktop or Laptop,Windows 10,Chrome 85.0.4183.121,1920x1080,1920x937,,HeadphonesCheck,1,Control,2527.0650000002206,/task/40825/1/asset/Goat.mp3,0
1,1601570308223,01/10/2020 16:38:28,1601570308063,-5,01/10/2020 11:38:28,27347,3,task-qgn4,,7038405,5f356a45273930520ded9451,2035660,,complete,,5f7605ac9ea70c041f500951,computer,Desktop or Laptop,Windows 10,Chrome 85.0.4183.121,1920x1080,1920x969,,HeadphonesCheck,1,Control,19636.189999990165,"<p style=""color: black; font-size: 28px; font-weight: bold;"">This is a sound check. Please turn on the sound on.</p>",
2,1601570310905,01/10/2020 16:38:30,1601570310819,-5,01/10/2020 11:38:30,27347,3,task-qgn4,,7038405,5f356a45273930520ded9451,2035660,,complete,,5f7605ac9ea70c041f500951,computer,Desktop or Laptop,Windows 10,Chrome 85.0.4183.121,1920x1080,1920x969,,HeadphonesCheck,1,Control,2746.4250000193715,/task/40825/1/asset/Dog.mp3,1
3,1601570312860,01/10/2020 16:38:32,1601570312779,-5,01/10/2020 11:38:32,27347,3,task-qgn4,,7038405,5f356a45273930520ded9451,2035660,,complete,,5f7605ac9ea70c041f500951,computer,Desktop or Laptop,Windows 10,Chrome 85.0.4183.121,1920x1080,1920x969,,HeadphonesCheck,1,Control,1956.4100001007318,/task/40825/1/asset/Owl.mp3,0
4,1601570314595,01/10/2020 16:38:34,1601570314522,-5,01/10/2020 11:38:34,27347,3,task-qgn4,,7038405,5f356a45273930520ded9451,2035660,,complete,,5f7605ac9ea70c041f500951,computer,Desktop or Laptop,Windows 10,Chrome 85.0.4183.121,1920x1080,1920x969,,HeadphonesCheck,1,Control,1741.334999911487,/task/40825/1/asset/Goat.mp3,0
1,1601570318877,01/10/2020 16:38:38,1601570322416,-4,01/10/2020 12:38:42,27347,3,task-qgn4,,7038407,5b569971d8348500012d3799,2035658,,complete,,5f76035c0a7c7d0353ffa760,computer,Desktop or Laptop,Windows 10,Chrome 85.0.4183.121,1536x864,1229x634,,HeadphonesCheck,1,Control,24205.55500000046,"<p style=""color: black; font-size: 28px; font-weight: bold;"">This is a sound check. Please turn on the sound on.</p>",
2,1601570323256,01/10/2020 16:38:43,1601570326886,-4,01/10/2020 12:38:46,27347,3,task-qgn4,,7038407,5b569971d8348500012d3799,2035658,,complete,,5f76035c0a7c7d0353ffa760,computer,Desktop or Laptop,Windows 10,Chrome 85.0.4183.121,1536x864,1229x634,,HeadphonesCheck,1,Control,4427.5999999990745,/task/40825/1/asset/Dog.mp3,1
3,1601570329532,01/10/2020 16:38:49,1601570333175,-4,01/10/2020 12:38:53,27347,3,task-qgn4,,7038407,5b569971d8348500012d3799,2035658,,complete,,5f76035c0a7c7d0353ffa760,computer,Desktop or Laptop,Windows 10,Chrome 85.0.4183.121,1536x864,1229x634,,HeadphonesCheck,1,Control,6281.730000000607,/task/40825/1/asset/Owl.mp3,0
4,1601570331505,01/10/2020 16:38:51,1601570335142,-4,01/10/2020 12:38:55,27347,3,task-qgn4,,7038407,5b569971d8348500012d3799,2035658,,complete,,5f76035c0a7c7d0353ffa760,computer,Desktop or Laptop,Windows 10,Chrome 85.0.4183.121,1536x864,1229x634,,HeadphonesCheck,1,Control,1961.909999999989,/task/40825/1/asset/Goat.mp3,0
1,1601570320947,01/10/2020 16:38:40,1601570320833,-3,01/10/2020 13:38:40,27347,3,task-qgn4,,7038422,5f2daf557dbdaa0c5d22f18d,2035663,,complete,,5f7605d8be4d8203944c6a74,computer,Desktop or Laptop,Mac OS 10.16.0,Chrome 85.0.4183.121,2560x1440,2560x1219,,HeadphonesCheck,1,Bad Mood,4055.5699999968056,"<p style=""color: black; font-size: 28px; font-weight: bold;"">This is a sound check. Please turn on the sound on.</p>",
2,1601570324319,01/10/2020 16:38:44,1601570324239,-3,01/10/2020 13:38:44,27347,3,task-qgn4,,7038422,5f2daf557dbdaa0c5d22f18d,2035663,,complete,,5f7605d8be4d8203944c6a74,computer,Desktop or Laptop,Mac OS 10.16.0,Chrome 85.0.4183.121,2560x1440,2560x1219,,HeadphonesCheck,1,Bad Mood,3394.7750000224914,/task/40825/1/asset/Dog.mp3,1
3,1601570325945,01/10/2020 16:38:45,1601570325837,-3,01/10/2020 13:38:45,27347,3,task-qgn4,,7038422,5f2daf557dbdaa0c5d22f18d,2035663,,complete,,5f7605d8be4d8203944c6a74,computer,Desktop or Laptop,Mac OS 10.16.0,Chrome 85.0.4183.121,2560x1440,2560x1219,,HeadphonesCheck,1,Bad Mood,1595.5850000027567,/task/40825/1/asset/Owl.mp3,0
4,1601570327467,01/10/2020 16:38:47,1601570327373,-3,01/10/2020 13:38:47,27347,3,task-qgn4,,7038422,5f2daf557dbdaa0c5d22f18d,2035663,,complete,,5f7605d8be4d8203944c6a74,computer,Desktop or Laptop,Mac OS 10.16.0,Chrome 85.0.4183.121,2560x1440,2560x1219,,HeadphonesCheck,1,Bad Mood,1533.8349999801721,/task/40825/1/asset/Goat.mp3,0
1,1601570406799,01/10/2020 16:40:06,1601570406693,1,01/10/2020 17:40:06,27347,3,task-qgn4,,7038433,5f29ed73209c1b1a178602e3,2035657,,complete,,5f760537c496cf010de14485,computer,Desktop or Laptop,Windows 10,Chrome 85.0.4183.121,1366x768,1366x695,,HeadphonesCheck,1,Control,74726.51499998756,"<p style=""color: black; font-size: 28px; font-weight: bold;"">This is a sound check. Please turn on the sound on.</p>",
2,1601570413648,01/10/2020 16:40:13,1601570413569,1,01/10/2020 17:40:13,27347,3,task-qgn4,,7038433,5f29ed73209c1b1a178602e3,2035657,,complete,,5f760537c496cf010de14485,computer,Desktop or Laptop,Windows 10,Chrome 85.0.4183.121,1366x768,1366x695,,HeadphonesCheck,1,Control,6872.730000060983,/task/40825/1/asset/Dog.mp3,1
3,1601570421278,01/10/2020 16:40:21,1601570421191,1,01/10/2020 17:40:21,27347,3,task-qgn4,,7038433,5f29ed73209c1b1a178602e3,2035657,,complete,,5f760537c496cf010de14485,computer,Desktop or Laptop,Windows 10,Chrome 85.0.4183.121,1366x768,1366x695,,HeadphonesCheck,1,Control,7619.834999903105,/task/40825/1/asset/Owl.mp3,0
4,1601570423121,01/10/2020 16:40:23,1601570423049,1,01/10/2020 17:40:23,27347,3,task-qgn4,,7038433,5f29ed73209c1b1a178602e3,2035657,,complete,,5f760537c496cf010de14485,computer,Desktop or Laptop,Windows 10,Chrome 85.0.4183.121,1366x768,1366x695,,HeadphonesCheck,1,Control,1856.2350000720471,/task/40825/1/asset/Goat.mp3,0
1,1601570387622,01/10/2020 16:39:47,1601570387297,1,01/10/2020 17:39:47,27347,3,task-qgn4,,7038446,5d6794cb0942ff00162345bb,2035662,,complete,,5f7605be890e2f034bb4dd55,computer,Desktop or Laptop,Windows 10,Chrome 85.0.4183.121,1280x720,1280x578,,HeadphonesCheck,1,Control,32035.734999924898,"<p style=""color: black; font-size: 28px; font-weight: bold;"">This is a sound check. Please turn on the sound on.</p>",
2,1601570393674,01/10/2020 16:39:53,1601570393390,1,01/10/2020 17:39:53,27347,3,task-qgn4,,7038446,5d6794cb0942ff00162345bb,2035662,,complete,,5f7605be890e2f034bb4dd55,computer,Desktop or Laptop,Windows 10,Chrome 85.0.4183.121,1280x720,1280x578,,HeadphonesCheck,1,Control,6071.564999874681,/task/40825/1/asset/Dog.mp3,1
3,1601570395659,01/10/2020 16:39:55,1601570395379,1,01/10/2020 17:39:55,27347,3,task-qgn4,,7038446,5d6794cb0942ff00162345bb,2035662,,complete,,5f7605be890e2f034bb4dd55,computer,Desktop or Laptop,Windows 10,Chrome 85.0.4183.121,1280x720,1280x578,,HeadphonesCheck,1,Control,1984.595000045374,/task/40825/1/asset/Owl.mp3,0
4,1601570397879,01/10/2020 16:39:57,1601570397587,1,01/10/2020 17:39:57,27347,3,task-qgn4,,7038446,5d6794cb0942ff00162345bb,2035662,,complete,,5f7605be890e2f034bb4dd55,computer,Desktop or Laptop,Windows 10,Chrome 85.0.4183.121,1280x720,1280x578,,HeadphonesCheck,1,Control,2203.1500001903623,/task/40825/1/asset/Goat.mp3,0
1,1601570361849,01/10/2020 16:39:21,1601570361721,-4,01/10/2020 12:39:21,27347,3,task-qgn4,,7038447,5c5409f49fcbc40001dc0b4d,2035665,,complete,,5f7605d5c51814036959c6c8,computer,Desktop or Laptop,Windows 10,Chrome 85.0.4183.121,1920x1080,1920x969,,HeadphonesCheck,1,Bad Mood,5173.099999999977,"<p style=""color: black; font-size: 28px; font-weight: bold;"">This is a sound check. Please turn on the sound on.</p>",
2,1601570365647,01/10/2020 16:39:25,1601570365540,-4,01/10/2020 12:39:25,27347,3,task-qgn4,,7038447,5c5409f49fcbc40001dc0b4d,2035665,,complete,,5f7605d5c51814036959c6c8,computer,Desktop or Laptop,Windows 10,Chrome 85.0.4183.121,1920x1080,1920x969,,HeadphonesCheck,1,Bad Mood,3816.774999999325,/task/40825/1/asset/Dog.mp3,1
3,1601570367507,01/10/2020 16:39:27,1601570367411,-4,01/10/2020 12:39:27,27347,3,task-qgn4,,7038447,5c5409f49fcbc40001dc0b4d,2035665,,complete,,5f7605d5c51814036959c6c8,computer,Desktop or Laptop,Windows 10,Chrome 85.0.4183.121,1920x1080,1920x969,,HeadphonesCheck,1,Bad Mood,1869.010000000344,/task/40825/1/asset/Owl.mp3,0
4,1601570368758,01/10/2020 16:39:28,1601570368658,-4,01/10/2020 12:39:28,27347,3,task-qgn4,,7038447,5c5409f49fcbc40001dc0b4d,2035665,,complete,,5f7605d5c51814036959c6c8,computer,Desktop or Laptop,Windows 10,Chrome 85.0.4183.121,1920x1080,1920x969,,HeadphonesCheck,1,Bad Mood,1245.694999999614,/task/40825/1/asset/Goat.mp3,0
1,1601570375951,01/10/2020 16:39:35,1601570373543,1,01/10/2020 17:39:33,27347,3,task-qgn4,,7038454,5f5fadf898a2ee048f153aca,2035631,,complete,,5f7603a7b22ce401d67db69d,computer,Desktop or Laptop,Windows 10,Chrome 85.0.4183.121,1366x768,1366x657,,HeadphonesCheck,1,Control,10759.300000034273,"<p style=""color: black; font-size: 28px; font-weight: bold;"">This is a sound check. Please turn on the sound on.</p>",
2,1601570379842,01/10/2020 16:39:39,1601570377533,1,01/10/2020 17:39:37,27347,3,task-qgn4,,7038454,5f5fadf898a2ee048f153aca,2035631,,complete,,5f7603a7b22ce401d67db69d,computer,Desktop or Laptop,Windows 10,Chrome 85.0.4183.121,1366x768,1366x657,,HeadphonesCheck,1,Control,3972.8050000267103,/task/40825/1/asset/Dog.mp3,1
3,1601570382294,01/10/2020 16:39:42,1601570379960,1,01/10/2020 17:39:39,27347,3,task-qgn4,,7038454,5f5fadf898a2ee048f153aca,2035631,,complete,,5f7603a7b22ce401d67db69d,computer,Desktop or Laptop,Windows 10,Chrome 85.0.4183.121,1366x768,1366x657,,HeadphonesCheck,1,Control,2411.1699999775738,/task/40825/1/asset/Owl.mp3,0
4,1601570384920,01/10/2020 16:39:44,1601570382607,1,01/10/2020 17:39:42,27347,3,task-qgn4,,7038454,5f5fadf898a2ee048f153aca,2035631,,complete,,5f7603a7b22ce401d67db69d,computer,Desktop or Laptop,Windows 10,Chrome 85.0.4183.121,1366x768,1366x657,,HeadphonesCheck,1,Control,2629.729999927804,/task/40825/1/asset/Goat.mp3,0
1,1601570412583,01/10/2020 16:40:12,1601570412499,1,01/10/2020 17:40:12,27347,3,task-qgn4,,7038479,5f5cb941ada1634a6d2fdb60,2035664,,complete,,5f7605580dc36303f14bf1a1,computer,Desktop or Laptop,Mac OS 10.15.5,Chrome 85.0.4183.121,1280x800,1280x721,,HeadphonesCheck,1,Control,16321.89500000095,"<p style=""color: black; font-size: 28px; font-weight: bold;"">This is a sound check. Please turn on the sound on.</p>",
2,1601570416885,01/10/2020 16:40:16,1601570416855,1,01/10/2020 17:40:16,27347,3,task-qgn4,,7038479,5f5cb941ada1634a6d2fdb60,2035664,,complete,,5f7605580dc36303f14bf1a1,computer,Desktop or Laptop,Mac OS 10.15.5,Chrome 85.0.4183.121,1280x800,1280x721,,HeadphonesCheck,1,Control,4343.830000027083,/task/40825/1/asset/Dog.mp3,1
3,1601570419840,01/10/2020 16:40:19,1601570419774,1,01/10/2020 17:40:19,27347,3,task-qgn4,,7038479,5f5cb941ada1634a6d2fdb60,2035664,,complete,,5f7605580dc36303f14bf1a1,computer,Desktop or Laptop,Mac OS 10.15.5,Chrome 85.0.4183.121,1280x800,1280x721,,HeadphonesCheck,1,Control,2917.6149999839254,/task/40825/1/asset/Owl.mp3,0
4,1601570423106,01/10/2020 16:40:23,1601570423085,1,01/10/2020 17:40:23,27347,3,task-qgn4,,7038479,5f5cb941ada1634a6d2fdb60,2035664,,complete,,5f7605580dc36303f14bf1a1,computer,Desktop or Laptop,Mac OS 10.15.5,Chrome 85.0.4183.121,1280x800,1280x721,,HeadphonesCheck,1,Control,3308.234999945853,/task/40825/1/asset/Goat.mp3,0
1,1601570413929,01/10/2020 16:40:13,1601570413104,1,01/10/2020 17:40:13,27347,3,task-qgn4,,7038486,5d8272d1ffc7c6001b113c3e,2035667,,complete,,5f7605603167a103f881d7d9,computer,Desktop or Laptop,Windows 10,Chrome 85.0.4183.121,1366x768,1366x657,,HeadphonesCheck,1,Bad Mood,5444.660000037402,"<p style=""color: black; font-size: 28px; font-weight: bold;"">This is a sound check. Please turn on the sound on.</p>",
2,1601570419871,01/10/2020 16:40:19,1601570419086,1,01/10/2020 17:40:19,27347,3,task-qgn4,,7038486,5d8272d1ffc7c6001b113c3e,2035667,,complete,,5f7605603167a103f881d7d9,computer,Desktop or Laptop,Windows 10,Chrome 85.0.4183.121,1366x768,1366x657,,HeadphonesCheck,1,Bad Mood,5971.350000007078,/task/40825/1/asset/Dog.mp3,1
3,1601570422466,01/10/2020 16:40:22,1601570421670,1,01/10/2020 17:40:21,27347,3,task-qgn4,,7038486,5d8272d1ffc7c6001b113c3e,2035667,,complete,,5f7605603167a103f881d7d9,computer,Desktop or Laptop,Windows 10,Chrome 85.0.4183.121,1366x768,1366x657,,HeadphonesCheck,1,Bad Mood,2571.390000055544,/task/40825/1/asset/Owl.mp3,0
4,1601570423982,01/10/2020 16:40:23,1601570423190,1,01/10/2020 17:40:23,27347,3,task-qgn4,,7038486,5d8272d1ffc7c6001b113c3e,2035667,,complete,,5f7605603167a103f881d7d9,computer,Desktop or Laptop,Windows 10,Chrome 85.0.4183.121,1366x768,1366x657,,HeadphonesCheck,1,Bad Mood,1507.7649999875575,/task/40825/1/asset/Goat.mp3,0
1,1601570499278,01/10/2020 16:41:39,1601570499128,1,01/10/2020 17:41:39,27347,3,task-qgn4,,7038521,5c6aa1774b5bb30001b3d699,2035673,,complete,,5f7604f91e4ab803554f8e7c,computer,Desktop or Laptop,Windows 10,Chrome 85.0.4183.121,1200x800,1200x631,,HeadphonesCheck,1,Bad Mood,17539.914999972098,"<p style=""color: black; font-size: 28px; font-weight: bold;"">This is a sound check. Please turn on the sound on.</p>",
2,1601570502910,01/10/2020 16:41:42,1601570502903,1,01/10/2020 17:41:42,27347,3,task-qgn4,,7038521,5c6aa1774b5bb30001b3d699,2035673,,complete,,5f7604f91e4ab803554f8e7c,computer,Desktop or Laptop,Windows 10,Chrome 85.0.4183.121,1200x800,1200x631,,HeadphonesCheck,1,Bad Mood,3673.1649999856018,/task/40825/1/asset/Dog.mp3,1
3,1601570506514,01/10/2020 16:41:46,1601570506416,1,01/10/2020 17:41:46,27347,3,task-qgn4,,7038521,5c6aa1774b5bb30001b3d699,2035673,,complete,,5f7604f91e4ab803554f8e7c,computer,Desktop or Laptop,Windows 10,Chrome 85.0.4183.121,1200x800,1200x631,,HeadphonesCheck,1,Bad Mood,3505.78000000678,/task/40825/1/asset/Owl.mp3,0
4,1601570508124,01/10/2020 16:41:48,1601570508162,1,01/10/2020 17:41:48,27347,3,task-qgn4,,7038521,5c6aa1774b5bb30001b3d699,2035673,,complete,,5f7604f91e4ab803554f8e7c,computer,Desktop or Laptop,Windows 10,Chrome 85.0.4183.121,1200x800,1200x631,,HeadphonesCheck,1,Bad Mood,1738.8849999988452,/task/40825/1/asset/Goat.mp3,0
1,1601570531813,01/10/2020 16:42:11,1601570530290,2,01/10/2020 18:42:10,27347,3,task-qgn4,,7038547,5f4cc45ee974b18dbf4a503d,2035670,,complete,,5f76060ef6c19d03b0b3b27b,computer,Desktop or Laptop,Windows 10,Chrome 85.0.4183.121,1920x1080,1920x937,,HeadphonesCheck,1,Control,5328.175000147894,"<p style=""color: black; font-size: 28px; font-weight: bold;"">This is a sound check. Please turn on the sound on.</p>",
2,1601570535512,01/10/2020 16:42:15,1601570533933,2,01/10/2020 18:42:13,27347,3,task-qgn4,,7038547,5f4cc45ee974b18dbf4a503d,2035670,,complete,,5f76060ef6c19d03b0b3b27b,computer,Desktop or Laptop,Windows 10,Chrome 85.0.4183.121,1920x1080,1920x937,,HeadphonesCheck,1,Control,3618.450000183657,/task/40825/1/asset/Dog.mp3,1
3,1601570537547,01/10/2020 16:42:17,1601570536083,2,01/10/2020 18:42:16,27347,3,task-qgn4,,7038547,5f4cc45ee974b18dbf4a503d,2035670,,complete,,5f76060ef6c19d03b0b3b27b,computer,Desktop or Laptop,Windows 10,Chrome 85.0.4183.121,1920x1080,1920x937,,HeadphonesCheck,1,Control,2145.750000141561,/task/40825/1/asset/Owl.mp3,0
4,1601570540190,01/10/2020 16:42:20,1601570538707,2,01/10/2020 18:42:18,27347,3,task-qgn4,,7038547,5f4cc45ee974b18dbf4a503d,2035670,,complete,,5f76060ef6c19d03b0b3b27b,computer,Desktop or Laptop,Windows 10,Chrome 85.0.4183.121,1920x1080,1920x937,,HeadphonesCheck,1,Control,2620.7099999301136,/task/40825/1/asset/Goat.mp3,0
1,1601570567112,01/10/2020 16:42:47,1601570568142,1,01/10/2020 17:42:48,27347,3,task-qgn4,,7038568,5ebc93c89b93870e3bb4e7e3,2035679,,complete,,5f76032bee34dd035ee88559,computer,Desktop or Laptop,Windows 10,Chrome 85.0.4183.121,1536x864,1536x722,,HeadphonesCheck,1,Control,14791.965000098571,"<p style=""color: black; font-size: 28px; font-weight: bold;"">This is a sound check. Please turn on the sound on.</p>",
2,1601570576955,01/10/2020 16:42:56,1601570578041,1,01/10/2020 17:42:58,27347,3,task-qgn4,,7038568,5ebc93c89b93870e3bb4e7e3,2035679,,complete,,5f76032bee34dd035ee88559,computer,Desktop or Laptop,Windows 10,Chrome 85.0.4183.121,1536x864,1536x722,,HeadphonesCheck,1,Control,9876.014999812469,/task/40825/1/asset/Dog.mp3,1
3,1601570579221,01/10/2020 16:42:59,1601570580210,1,01/10/2020 17:43:00,27347,3,task-qgn4,,7038568,5ebc93c89b93870e3bb4e7e3,2035679,,complete,,5f76032bee34dd035ee88559,computer,Desktop or Laptop,Windows 10,Chrome 85.0.4183.121,1536x864,1536x722,,HeadphonesCheck,1,Control,2163.515000138432,/task/40825/1/asset/Owl.mp3,0
4,1601570581939,01/10/2020 16:43:01,1601570583022,1,01/10/2020 17:43:03,27347,3,task-qgn4,,7038568,5ebc93c89b93870e3bb4e7e3,2035679,,complete,,5f76032bee34dd035ee88559,computer,Desktop or Laptop,Windows 10,Chrome 85.0.4183.121,1536x864,1536x722,,HeadphonesCheck,1,Control,2808.015000075102,/task/40825/1/asset/Goat.mp3,0
1,1601570629606,01/10/2020 16:43:49,1601570629509,1,01/10/2020 17:43:49,27347,3,task-qgn4,,7038616,5d8215fcaa127000154632c5,2035691,,complete,,5f760647859b2e03bab6df96,computer,Desktop or Laptop,Mac OS 10.15.6,Chrome 85.0.4183.121,1280x800,1280x627,,HeadphonesCheck,1,Control,6024.579999997513,"<p style=""color: black; font-size: 28px; font-weight: bold;"">This is a sound check. Please turn on the sound on.</p>",
2,1601570635419,01/10/2020 16:43:55,1601570635321,1,01/10/2020 17:43:55,27347,3,task-qgn4,,7038616,5d8215fcaa127000154632c5,2035691,,complete,,5f760647859b2e03bab6df96,computer,Desktop or Laptop,Mac OS 10.15.6,Chrome 85.0.4183.121,1280x800,1280x627,,HeadphonesCheck,1,Control,5799.989999999525,/task/40825/1/asset/Dog.mp3,1
3,1601570640403,01/10/2020 16:44:00,1601570640327,1,01/10/2020 17:44:00,27347,3,task-qgn4,,7038616,5d8215fcaa127000154632c5,2035691,,complete,,5f760647859b2e03bab6df96,computer,Desktop or Laptop,Mac OS 10.15.6,Chrome 85.0.4183.121,1280x800,1280x627,,HeadphonesCheck,1,Control,5002.749999999651,/task/40825/1/asset/Owl.mp3,0
4,1601570642153,01/10/2020 16:44:02,1601570642083,1,01/10/2020 17:44:02,27347,3,task-qgn4,,7038616,5d8215fcaa127000154632c5,2035691,,complete,,5f760647859b2e03bab6df96,computer,Desktop or Laptop,Mac OS 10.15.6,Chrome 85.0.4183.121,1280x800,1280x627,,HeadphonesCheck,1,Control,1753.4900000027847,/task/40825/1/asset/Goat.mp3,0
1,1601570648827,01/10/2020 16:44:08,1601570649503,-4,01/10/2020 12:44:09,27347,3,task-qgn4,,7038628,5eed39d96b25b8147870a324,2035698,,complete,,5f760705c8631803ab6b7c29,computer,Desktop or Laptop,Windows 10,Chrome 85.0.4183.121,1366x768,1366x657,,HeadphonesCheck,1,Control,4838.815000024624,"<p style=""color: black; font-size: 28px; font-weight: bold;"">This is a sound check. Please turn on the sound on.</p>",
2,1601570654093,01/10/2020 16:44:14,1601570654822,-4,01/10/2020 12:44:14,27347,3,task-qgn4,,7038628,5eed39d96b25b8147870a324,2035698,,complete,,5f760705c8631803ab6b7c29,computer,Desktop or Laptop,Windows 10,Chrome 85.0.4183.121,1366x768,1366x657,,HeadphonesCheck,1,Control,5308.920000039507,/task/40825/1/asset/Dog.mp3,1
3,1601570662112,01/10/2020 16:44:22,1601570662814,-4,01/10/2020 12:44:22,27347,3,task-qgn4,,7038628,5eed39d96b25b8147870a324,2035698,,complete,,5f760705c8631803ab6b7c29,computer,Desktop or Laptop,Windows 10,Chrome 85.0.4183.121,1366x768,1366x657,,HeadphonesCheck,1,Control,7989.6500000031665,/task/40825/1/asset/Owl.mp3,0
4,1601570667175,01/10/2020 16:44:27,1601570667884,-4,01/10/2020 12:44:27,27347,3,task-qgn4,,7038628,5eed39d96b25b8147870a324,2035698,,complete,,5f760705c8631803ab6b7c29,computer,Desktop or Laptop,Windows 10,Chrome 85.0.4183.121,1366x768,1366x657,,HeadphonesCheck,1,Control,5068.954999966081,/task/40825/1/asset/Goat.mp3,0
1,1601570686079,01/10/2020 16:44:46,1601570685907,1,01/10/2020 17:44:45,27347,3,task-qgn4,,7038639,5ed926f22546c00e36e4685a,2035702,,complete,,5f7606b29588a403c3632134,computer,Desktop or Laptop,Windows 10,Chrome 79.0.3945.130,1920x1080,1920x937,,HeadphonesCheck,1,Bad Mood,20766.535000060685,"<p style=""color: black; font-size: 28px; font-weight: bold;"">This is a sound check. Please turn on the sound on.</p>",
2,1601570689761,01/10/2020 16:44:49,1601570689739,1,01/10/2020 17:44:49,27347,3,task-qgn4,,7038639,5ed926f22546c00e36e4685a,2035702,,complete,,5f7606b29588a403c3632134,computer,Desktop or Laptop,Windows 10,Chrome 79.0.3945.130,1920x1080,1920x937,,HeadphonesCheck,1,Bad Mood,3826.965000014752,/task/40825/1/asset/Dog.mp3,1
3,1601570691387,01/10/2020 16:44:51,1601570691341,1,01/10/2020 17:44:51,27347,3,task-qgn4,,7038639,5ed926f22546c00e36e4685a,2035702,,complete,,5f7606b29588a403c3632134,computer,Desktop or Laptop,Windows 10,Chrome 79.0.3945.130,1920x1080,1920x937,,HeadphonesCheck,1,Bad Mood,1598.619999946095,/task/40825/1/asset/Owl.mp3,0
4,1601570692543,01/10/2020 16:44:52,1601570692503,1,01/10/2020 17:44:52,27347,3,task-qgn4,,7038639,5ed926f22546c00e36e4685a,2035702,,complete,,5f7606b29588a403c3632134,computer,Desktop or Laptop,Windows 10,Chrome 79.0.3945.130,1920x1080,1920x937,,HeadphonesCheck,1,Bad Mood,1158.9150000363588,/task/40825/1/asset/Goat.mp3,0
1,1601570675097,01/10/2020 16:44:35,1601570675033,1,01/10/2020 17:44:35,27347,3,task-qgn4,,7038641,57655c729dcd970001dbdb54,2035686,,complete,,5f7605df5b1b0a03f7750dba,computer,Desktop or Laptop,Mac OS 10.13.6,Chrome 85.0.4183.121,2560x1440,2560x1247,,HeadphonesCheck,1,Control,6992.285000000265,"<p style=""color: black; font-size: 28px; font-weight: bold;"">This is a sound check. Please turn on the sound on.</p>",
2,1601570679081,01/10/2020 16:44:39,1601570679034,1,01/10/2020 17:44:39,27347,3,task-qgn4,,7038641,57655c729dcd970001dbdb54,2035686,,complete,,5f7605df5b1b0a03f7750dba,computer,Desktop or Laptop,Mac OS 10.13.6,Chrome 85.0.4183.121,2560x1440,2560x1247,,HeadphonesCheck,1,Control,3980.3400000018883,/task/40825/1/asset/Dog.mp3,1
3,1601570683847,01/10/2020 16:44:43,1601570683808,1,01/10/2020 17:44:43,27347,3,task-qgn4,,7038641,57655c729dcd970001dbdb54,2035686,,complete,,5f7605df5b1b0a03f7750dba,computer,Desktop or Laptop,Mac OS 10.13.6,Chrome 85.0.4183.121,2560x1440,2560x1247,,HeadphonesCheck,1,Control,4769.914999997127,/task/40825/1/asset/Owl.mp3,0
4,1601570686455,01/10/2020 16:44:46,1601570686412,1,01/10/2020 17:44:46,27347,3,task-qgn4,,7038641,57655c729dcd970001dbdb54,2035686,,complete,,5f7605df5b1b0a03f7750dba,computer,Desktop or Laptop,Mac OS 10.13.6,Chrome 85.0.4183.121,2560x1440,2560x1247,,HeadphonesCheck,1,Control,2599.614999999176,/task/40825/1/asset/Goat.mp3,0
1,1601570762119,01/10/2020 16:46:02,1601570760552,1,01/10/2020 17:46:00,27347,3,task-qgn4,,7038697,5799232b900cc80001d2f363,2035708,,complete,,5f76075bbe4d8203ec47dbb9,computer,Desktop or Laptop,Windows 10,Chrome 85.0.4183.121,1536x864,1536x754,,HeadphonesCheck,1,Bad Mood,7167.365000001155,"<p style=""color: black; font-size: 28px; font-weight: bold;"">This is a sound check. Please turn on the sound on.</p>",
2,1601570766777,01/10/2020 16:46:06,1601570765154,1,01/10/2020 17:46:05,27347,3,task-qgn4,,7038697,5799232b900cc80001d2f363,2035708,,complete,,5f76075bbe4d8203ec47dbb9,computer,Desktop or Laptop,Windows 10,Chrome 85.0.4183.121,1536x864,1536x754,,HeadphonesCheck,1,Bad Mood,4587.629999998171,/task/40825/1/asset/Dog.mp3,1
3,1601570772105,01/10/2020 16:46:12,1601570770567,1,01/10/2020 17:46:10,27347,3,task-qgn4,,7038697,5799232b900cc80001d2f363,2035708,,complete,,5f76075bbe4d8203ec47dbb9,computer,Desktop or Laptop,Windows 10,Chrome 85.0.4183.121,1536x864,1536x754,,HeadphonesCheck,1,Bad Mood,5410.185000000638,/task/40825/1/asset/Owl.mp3,0
4,1601570774202,01/10/2020 16:46:14,1601570772535,1,01/10/2020 17:46:12,27347,3,task-qgn4,,7038697,5799232b900cc80001d2f363,2035708,,complete,,5f76075bbe4d8203ec47dbb9,computer,Desktop or Laptop,Windows 10,Chrome 85.0.4183.121,1536x864,1536x754,,HeadphonesCheck,1,Bad Mood,1965.2849999984028,/task/40825/1/asset/Goat.mp3,0
1,1601571515580,01/10/2020 16:58:35,1601571514578,1,01/10/2020 17:58:34,27347,3,task-qgn4,,7038807,5f31a88d7c95ca0ae44ae20d,2035723,,complete,,5f760633859b2e03665ebad9,computer,Desktop or Laptop,Windows 10,Chrome 85.0.4183.121,1366x768,1366x657,,HeadphonesCheck,1,Bad Mood,580946.0100000142,"<p style=""color: black; font-size: 28px; font-weight: bold;"">This is a sound check. Please turn on the sound on.</p>",
2,1601571526069,01/10/2020 16:58:46,1601571525250,1,01/10/2020 17:58:45,27347,3,task-qgn4,,7038807,5f31a88d7c95ca0ae44ae20d,2035723,,complete,,5f760633859b2e03665ebad9,computer,Desktop or Laptop,Windows 10,Chrome 85.0.4183.121,1366x768,1366x657,,HeadphonesCheck,1,Bad Mood,10625.594999990426,/task/40825/1/asset/Dog.mp3,1
3,1601571529241,01/10/2020 16:58:49,1601571528460,1,01/10/2020 17:58:48,27347,3,task-qgn4,,7038807,5f31a88d7c95ca0ae44ae20d,2035723,,complete,,5f760633859b2e03665ebad9,computer,Desktop or Laptop,Windows 10,Chrome 85.0.4183.121,1366x768,1366x657,,HeadphonesCheck,1,Bad Mood,3203.2599999802187,/task/40825/1/asset/Owl.mp3,0
4,1601571531835,01/10/2020 16:58:51,1601571531049,1,01/10/2020 17:58:51,27347,3,task-qgn4,,7038807,5f31a88d7c95ca0ae44ae20d,2035723,,complete,,5f760633859b2e03665ebad9,computer,Desktop or Laptop,Windows 10,Chrome 85.0.4183.121,1366x768,1366x657,,HeadphonesCheck,1,Bad Mood,2585.849999974016,/task/40825/1/asset/Goat.mp3,0
1,1601570949662,01/10/2020 16:49:09,1601570950657,1,01/10/2020 17:49:10,27347,3,task-qgn4,,7038810,5f48eaf6951dbe29243028a4,2035719,,complete,,5f7605fdab42430370167fa2,computer,Desktop or Laptop,Windows 10,Chrome 85.0.4183.121,1366x768,1366x635,,HeadphonesCheck,1,Control,8455.584999988787,"<p style=""color: black; font-size: 28px; font-weight: bold;"">This is a sound check. Please turn on the sound on.</p>",
2,1601570952193,01/10/2020 16:49:12,1601570953248,1,01/10/2020 17:49:13,27347,3,task-qgn4,,7038810,5f48eaf6951dbe29243028a4,2035719,,complete,,5f7605fdab42430370167fa2,computer,Desktop or Laptop,Windows 10,Chrome 85.0.4183.121,1366x768,1366x635,,HeadphonesCheck,1,Control,2558.4100000560284,/task/40825/1/asset/Dog.mp3,1
3,1601570954943,01/10/2020 16:49:14,1601570956037,1,01/10/2020 17:49:16,27347,3,task-qgn4,,7038810,5f48eaf6951dbe29243028a4,2035719,,complete,,5f7605fdab42430370167fa2,computer,Desktop or Laptop,Windows 10,Chrome 85.0.4183.121,1366x768,1366x635,,HeadphonesCheck,1,Control,2774.6850000694394,/task/40825/1/asset/Owl.mp3,0
4,1601570958021,01/10/2020 16:49:18,1601570959080,1,01/10/2020 17:49:19,27347,3,task-qgn4,,7038810,5f48eaf6951dbe29243028a4,2035719,,complete,,5f7605fdab42430370167fa2,computer,Desktop or Laptop,Windows 10,Chrome 85.0.4183.121,1366x768,1366x635,,HeadphonesCheck,1,Control,3027.7400000486523,/task/40825/1/asset/Goat.mp3,0
1,1601571003504,01/10/2020 16:50:03,1601571003323,-7,01/10/2020 09:50:03,27347,3,task-qgn4,,7038857,5ea7b82eae702d19f1542b80,2035728,,complete,,5f76085f5ee607041ad9c9e0,computer,Desktop or Laptop,Mac OS 10.15.4,Chrome 85.0.4183.121,1440x900,1440x789,,HeadphonesCheck,1,Control,9045.915000002424,"<p style=""color: black; font-size: 28px; font-weight: bold;"">This is a sound check. Please turn on the sound on.</p>",
2,1601571005769,01/10/2020 16:50:05,1601571005673,-7,01/10/2020 09:50:05,27347,3,task-qgn4,,7038857,5ea7b82eae702d19f1542b80,2035728,,complete,,5f76085f5ee607041ad9c9e0,computer,Desktop or Laptop,Mac OS 10.15.4,Chrome 85.0.4183.121,1440x900,1440x789,,HeadphonesCheck,1,Control,2336.2149999957182,/task/40825/1/asset/Dog.mp3,1
3,1601571008088,01/10/2020 16:50:08,1601571007960,-7,01/10/2020 09:50:07,27347,3,task-qgn4,,7038857,5ea7b82eae702d19f1542b80,2035728,,complete,,5f76085f5ee607041ad9c9e0,computer,Desktop or Laptop,Mac OS 10.15.4,Chrome 85.0.4183.121,1440x900,1440x789,,HeadphonesCheck,1,Control,2284.8050000029616,/task/40825/1/asset/Owl.mp3,0
4,1601571009432,01/10/2020 16:50:09,1601571009339,-7,01/10/2020 09:50:09,27347,3,task-qgn4,,7038857,5ea7b82eae702d19f1542b80,2035728,,complete,,5f76085f5ee607041ad9c9e0,computer,Desktop or Laptop,Mac OS 10.15.4,Chrome 85.0.4183.121,1440x900,1440x789,,HeadphonesCheck,1,Control,1376.7399999996996,/task/40825/1/asset/Goat.mp3,0
1,1601571259654,01/10/2020 16:54:19,1601571259140,1,01/10/2020 17:54:19,27347,3,task-qgn4,,7039037,5ec3c126840c7222d093ccc1,2035767,,complete,,5f7604e0728936037ab8992a,computer,Desktop or Laptop,Windows 10,Chrome 85.0.4183.121,1536x864,1536x722,,HeadphonesCheck,1,Control,15603.6550000008,"<p style=""color: black; font-size: 28px; font-weight: bold;"">This is a sound check. Please turn on the sound on.</p>",
2,1601571261966,01/10/2020 16:54:21,1601571261529,1,01/10/2020 17:54:21,27347,3,task-qgn4,,7039037,5ec3c126840c7222d093ccc1,2035767,,complete,,5f7604e0728936037ab8992a,computer,Desktop or Laptop,Windows 10,Chrome 85.0.4183.121,1536x864,1536x722,,HeadphonesCheck,1,Control,2383.429999999862,/task/40825/1/asset/Dog.mp3,1
3,1601571263981,01/10/2020 16:54:23,1601571263521,1,01/10/2020 17:54:23,27347,3,task-qgn4,,7039037,5ec3c126840c7222d093ccc1,2035767,,complete,,5f7604e0728936037ab8992a,computer,Desktop or Laptop,Windows 10,Chrome 85.0.4183.121,1536x864,1536x722,,HeadphonesCheck,1,Control,1988.7550000003102,/task/40825/1/asset/Owl.mp3,0
4,1601571267273,01/10/2020 16:54:27,1601571266849,1,01/10/2020 17:54:26,27347,3,task-qgn4,,7039037,5ec3c126840c7222d093ccc1,2035767,,complete,,5f7604e0728936037ab8992a,computer,Desktop or Laptop,Windows 10,Chrome 85.0.4183.121,1536x864,1536x722,,HeadphonesCheck,1,Control,3325.105000001713,/task/40825/1/asset/Goat.mp3,0
1,1601571327198,01/10/2020 16:55:27,1601571327092,1,01/10/2020 17:55:27,27347,3,task-qgn4,,7039115,5f5b27197b27852344f1b9c5,2035790,,complete,,5f76094ee35e770473721eda,computer,Desktop or Laptop,Mac OS 10.13.6,Chrome 85.0.4183.83,1440x900,1440x821,,HeadphonesCheck,1,Bad Mood,3372.3799999570474,"<p style=""color: black; font-size: 28px; font-weight: bold;"">This is a sound check. Please turn on the sound on.</p>",
2,1601571331013,01/10/2020 16:55:31,1601571330954,1,01/10/2020 17:55:30,27347,3,task-qgn4,,7039115,5f5b27197b27852344f1b9c5,2035790,,complete,,5f76094ee35e770473721eda,computer,Desktop or Laptop,Mac OS 10.13.6,Chrome 85.0.4183.83,1440x900,1440x821,,HeadphonesCheck,1,Bad Mood,3850.479999964591,/task/40825/1/asset/Dog.mp3,1
3,1601571332638,01/10/2020 16:55:32,1601571332596,1,01/10/2020 17:55:32,27347,3,task-qgn4,,7039115,5f5b27197b27852344f1b9c5,2035790,,complete,,5f76094ee35e770473721eda,computer,Desktop or Laptop,Mac OS 10.13.6,Chrome 85.0.4183.83,1440x900,1440x821,,HeadphonesCheck,1,Bad Mood,1638.2699999958277,/task/40825/1/asset/Owl.mp3,0
4,1601571333790,01/10/2020 16:55:33,1601571333766,1,01/10/2020 17:55:33,27347,3,task-qgn4,,7039115,5f5b27197b27852344f1b9c5,2035790,,complete,,5f76094ee35e770473721eda,computer,Desktop or Laptop,Mac OS 10.13.6,Chrome 85.0.4183.83,1440x900,1440x821,,HeadphonesCheck,1,Bad Mood,1167.7250000066124,/task/40825/1/asset/Goat.mp3,0
1,1601571382800,01/10/2020 16:56:22,1601571382793,1,01/10/2020 17:56:22,27347,3,task-qgn4,,7039158,5f3bf54e3e33b09b0f1287fa,2035798,,complete,,5f76094ef8089e03bdacbb8d,computer,Desktop or Laptop,Windows 10,Chrome 85.0.4183.121,1280x720,1280x610,,HeadphonesCheck,1,Bad Mood,3776.64499997627,"<p style=""color: black; font-size: 28px; font-weight: bold;"">This is a sound check. Please turn on the sound on.</p>",
2,1601571387441,01/10/2020 16:56:27,1601571387497,1,01/10/2020 17:56:27,27347,3,task-qgn4,,7039158,5f3bf54e3e33b09b0f1287fa,2035798,,complete,,5f76094ef8089e03bdacbb8d,computer,Desktop or Laptop,Windows 10,Chrome 85.0.4183.121,1280x720,1280x610,,HeadphonesCheck,1,Bad Mood,4678.975000046194,/task/40825/1/asset/Dog.mp3,1
3,1601571390069,01/10/2020 16:56:30,1601571390138,1,01/10/2020 17:56:30,27347,3,task-qgn4,,7039158,5f3bf54e3e33b09b0f1287fa,2035798,,complete,,5f76094ef8089e03bdacbb8d,computer,Desktop or Laptop,Windows 10,Chrome 85.0.4183.121,1280x720,1280x610,,HeadphonesCheck,1,Bad Mood,2635.634999955073,/task/40825/1/asset/Owl.mp3,0
4,1601571392632,01/10/2020 16:56:32,1601571392704,1,01/10/2020 17:56:32,27347,3,task-qgn4,,7039158,5f3bf54e3e33b09b0f1287fa,2035798,,complete,,5f76094ef8089e03bdacbb8d,computer,Desktop or Laptop,Windows 10,Chrome 85.0.4183.121,1280x720,1280x610,,HeadphonesCheck,1,Bad Mood,2560.2799999760464,/task/40825/1/asset/Goat.mp3,0
1,1601571424463,01/10/2020 16:57:04,1601571425648,2,01/10/2020 18:57:05,27347,3,task-qgn4,,7039184,5f60e26f6645ca0667205a11,2035773,,complete,,5f7605a6298a6103a42f34bc,computer,Desktop or Laptop,Windows 10,Chrome 85.0.4183.121,1920x1080,1920x973,,HeadphonesCheck,1,Bad Mood,15262.954999998328,"<p style=""color: black; font-size: 28px; font-weight: bold;"">This is a sound check. Please turn on the sound on.</p>",
2,1601571428357,01/10/2020 16:57:08,1601571430067,2,01/10/2020 18:57:10,27347,3,task-qgn4,,7039184,5f60e26f6645ca0667205a11,2035773,,complete,,5f7605a6298a6103a42f34bc,computer,Desktop or Laptop,Windows 10,Chrome 85.0.4183.121,1920x1080,1920x973,,HeadphonesCheck,1,Bad Mood,4410.840000011376,/task/40825/1/asset/Dog.mp3,1
3,1601571431494,01/10/2020 16:57:11,1601571433221,2,01/10/2020 18:57:13,27347,3,task-qgn4,,7039184,5f60e26f6645ca0667205a11,2035773,,complete,,5f7605a6298a6103a42f34bc,computer,Desktop or Laptop,Windows 10,Chrome 85.0.4183.121,1920x1080,1920x973,,HeadphonesCheck,1,Bad Mood,3151.6800000099465,/task/40825/1/asset/Owl.mp3,0
4,1601571433359,01/10/2020 16:57:13,1601571435086,2,01/10/2020 18:57:15,27347,3,task-qgn4,,7039184,5f60e26f6645ca0667205a11,2035773,,complete,,5f7605a6298a6103a42f34bc,computer,Desktop or Laptop,Windows 10,Chrome 85.0.4183.121,1920x1080,1920x973,,HeadphonesCheck,1,Bad Mood,1862.6150000054622,/task/40825/1/asset/Goat.mp3,0
1,1601571481259,01/10/2020 16:58:01,1601571481304,-5,01/10/2020 11:58:01,27347,3,task-qgn4,,7039217,5f25e9bf321a452eaeae8bf2,2035666,,complete,,5f7605bcc99f31011bbf26ae,computer,Desktop or Laptop,Windows 10,Chrome 85.0.4183.121,1366x768,1366x625,,HeadphonesCheck,1,Bad Mood,28756.95500000029,"<p style=""color: black; font-size: 28px; font-weight: bold;"">This is a sound check. Please turn on the sound on.</p>",
2,1601571485364,01/10/2020 16:58:05,1601571485478,-5,01/10/2020 11:58:05,27347,3,task-qgn4,,7039217,5f25e9bf321a452eaeae8bf2,2035666,,complete,,5f7605bcc99f31011bbf26ae,computer,Desktop or Laptop,Windows 10,Chrome 85.0.4183.121,1366x768,1366x625,,HeadphonesCheck,1,Bad Mood,4156.169999999751,/task/40825/1/asset/Dog.mp3,1
3,1601571491932,01/10/2020 16:58:11,1601571492030,-5,01/10/2020 11:58:12,27347,3,task-qgn4,,7039217,5f25e9bf321a452eaeae8bf2,2035666,,complete,,5f7605bcc99f31011bbf26ae,computer,Desktop or Laptop,Windows 10,Chrome 85.0.4183.121,1366x768,1366x625,,HeadphonesCheck,1,Bad Mood,6543.694999999847,/task/40825/1/asset/Owl.mp3,0
4,1601571506089,01/10/2020 16:58:26,1601571506198,-5,01/10/2020 11:58:26,27347,3,task-qgn4,,7039217,5f25e9bf321a452eaeae8bf2,2035666,,complete,,5f7605bcc99f31011bbf26ae,computer,Desktop or Laptop,Windows 10,Chrome 85.0.4183.121,1366x768,1366x625,,HeadphonesCheck,1,Bad Mood,14160.70000000036,/task/40825/1/asset/Goat.mp3,0
1,1601571840595,01/10/2020 17:04:00,1601571840485,1,01/10/2020 18:04:00,27347,3,task-qgn4,,7039409,5770006ec7af47000181743f,2035688,,complete,,5f760569b320450363d01535,computer,Desktop or Laptop,Mac OS 10.15.7,Chrome 85.0.4183.121,1280x800,1280x629,,HeadphonesCheck,1,Bad Mood,2912.255000002915,"<p style=""color: black; font-size: 28px; font-weight: bold;"">This is a sound check. Please turn on the sound on.</p>",
2,1601571843585,01/10/2020 17:04:03,1601571843523,1,01/10/2020 18:04:03,27347,3,task-qgn4,,7039409,5770006ec7af47000181743f,2035688,,complete,,5f760569b320450363d01535,computer,Desktop or Laptop,Mac OS 10.15.7,Chrome 85.0.4183.121,1280x800,1280x629,,HeadphonesCheck,1,Bad Mood,3032.630000001518,/task/40825/1/asset/Dog.mp3,1
3,1601571845437,01/10/2020 17:04:05,1601571845389,1,01/10/2020 18:04:05,27347,3,task-qgn4,,7039409,5770006ec7af47000181743f,2035688,,complete,,5f760569b320450363d01535,computer,Desktop or Laptop,Mac OS 10.15.7,Chrome 85.0.4183.121,1280x800,1280x629,,HeadphonesCheck,1,Bad Mood,1862.024999994901,/task/40825/1/asset/Owl.mp3,0
4,1601571847825,01/10/2020 17:04:07,1601571847700,1,01/10/2020 18:04:07,27347,3,task-qgn4,,7039409,5770006ec7af47000181743f,2035688,,complete,,5f760569b320450363d01535,computer,Desktop or Laptop,Mac OS 10.15.7,Chrome 85.0.4183.121,1280x800,1280x629,,HeadphonesCheck,1,Bad Mood,2305.705000006128,/task/40825/1/asset/Goat.mp3,0
1,1601572150513,01/10/2020 17:09:10,1601572150324,1,01/10/2020 18:09:10,27347,3,task-qgn4,,7039516,5f31a239e7ed2f09f2b4a4ef,2035865,,complete,,5f760cd119012a04665f9161,computer,Desktop or Laptop,Mac OS 10.14.5,Chrome 85.0.4183.121,1280x800,1280x698,,HeadphonesCheck,1,Bad Mood,8933.680000000095,"<p style=""color: black; font-size: 28px; font-weight: bold;"">This is a sound check. Please turn on the sound on.</p>",
2,1601572156110,01/10/2020 17:09:16,1601572155998,1,01/10/2020 18:09:15,27347,3,task-qgn4,,7039516,5f31a239e7ed2f09f2b4a4ef,2035865,,complete,,5f760cd119012a04665f9161,computer,Desktop or Laptop,Mac OS 10.14.5,Chrome 85.0.4183.121,1280x800,1280x698,,HeadphonesCheck,1,Bad Mood,5663.494999999784,/task/40825/1/asset/Dog.mp3,1
3,1601572158264,01/10/2020 17:09:18,1601572158160,1,01/10/2020 18:09:18,27347,3,task-qgn4,,7039516,5f31a239e7ed2f09f2b4a4ef,2035865,,complete,,5f760cd119012a04665f9161,computer,Desktop or Laptop,Mac OS 10.14.5,Chrome 85.0.4183.121,1280x800,1280x698,,HeadphonesCheck,1,Bad Mood,2160.3049999998802,/task/40825/1/asset/Owl.mp3,0
4,1601572160616,01/10/2020 17:09:20,1601572160345,1,01/10/2020 18:09:20,27347,3,task-qgn4,,7039516,5f31a239e7ed2f09f2b4a4ef,2035865,,complete,,5f760cd119012a04665f9161,computer,Desktop or Laptop,Mac OS 10.14.5,Chrome 85.0.4183.121,1280x800,1280x698,,HeadphonesCheck,1,Bad Mood,2182.325000000219,/task/40825/1/asset/Goat.mp3,0
1,1601572226315,01/10/2020 17:10:26,1601572226207,1,01/10/2020 18:10:26,27347,3,task-qgn4,,7039551,5ea9a41b87b4150bf9634637,2035861,,complete,,5f7607a9f088ee03b282bdf4,computer,Desktop or Laptop,Mac OS 10.15.6,Chrome 85.0.4183.121,1440x900,1440x789,,HeadphonesCheck,1,Bad Mood,6502.81500001438,"<p style=""color: black; font-size: 28px; font-weight: bold;"">This is a sound check. Please turn on the sound on.</p>",
2,1601572231364,01/10/2020 17:10:31,1601572231317,1,01/10/2020 18:10:31,27347,3,task-qgn4,,7039551,5ea9a41b87b4150bf9634637,2035861,,complete,,5f7607a9f088ee03b282bdf4,computer,Desktop or Laptop,Mac OS 10.15.6,Chrome 85.0.4183.121,1440x900,1440x789,,HeadphonesCheck,1,Bad Mood,5095.975000003818,/task/40825/1/asset/Dog.mp3,1
3,1601572233451,01/10/2020 17:10:33,1601572233382,1,01/10/2020 18:10:33,27347,3,task-qgn4,,7039551,5ea9a41b87b4150bf9634637,2035861,,complete,,5f7607a9f088ee03b282bdf4,computer,Desktop or Laptop,Mac OS 10.15.6,Chrome 85.0.4183.121,1440x900,1440x789,,HeadphonesCheck,1,Bad Mood,2062.065000005532,/task/40825/1/asset/Owl.mp3,0
4,1601572235217,01/10/2020 17:10:35,1601572235181,1,01/10/2020 18:10:35,27347,3,task-qgn4,,7039551,5ea9a41b87b4150bf9634637,2035861,,complete,,5f7607a9f088ee03b282bdf4,computer,Desktop or Laptop,Mac OS 10.15.6,Chrome 85.0.4183.121,1440x900,1440x789,,HeadphonesCheck,1,Bad Mood,1797.565000015311,/task/40825/1/asset/Goat.mp3,0
1,1601575339061,01/10/2020 18:02:19,1601575337912,1,01/10/2020 19:02:17,27347,3,task-qgn4,,7040124,5e4d5381c5482e023caab343,2036003,,complete,,5f761524a110ce06138122a1,computer,Desktop or Laptop,Mac OS 10.12.6,Chrome 85.0.4183.121,1440x900,1440x821,,HeadphonesCheck,1,Bad Mood,1055883.9600000065,"<p style=""color: black; font-size: 28px; font-weight: bold;"">This is a sound check. Please turn on the sound on.</p>",
2,1601575343330,01/10/2020 18:02:23,1601575342230,1,01/10/2020 19:02:22,27347,3,task-qgn4,,7040124,5e4d5381c5482e023caab343,2036003,,complete,,5f761524a110ce06138122a1,computer,Desktop or Laptop,Mac OS 10.12.6,Chrome 85.0.4183.121,1440x900,1440x821,,HeadphonesCheck,1,Bad Mood,4300.735000055283,/task/40825/1/asset/Dog.mp3,1
3,1601575345614,01/10/2020 18:02:25,1601575344622,1,01/10/2020 19:02:24,27347,3,task-qgn4,,7040124,5e4d5381c5482e023caab343,2036003,,complete,,5f761524a110ce06138122a1,computer,Desktop or Laptop,Mac OS 10.12.6,Chrome 85.0.4183.121,1440x900,1440x821,,HeadphonesCheck,1,Bad Mood,2387.950000120327,/task/40825/1/asset/Owl.mp3,0
4,1601575348030,01/10/2020 18:02:28,1601575347017,1,01/10/2020 19:02:27,27347,3,task-qgn4,,7040124,5e4d5381c5482e023caab343,2036003,,complete,,5f761524a110ce06138122a1,computer,Desktop or Laptop,Mac OS 10.12.6,Chrome 85.0.4183.121,1440x900,1440x821,,HeadphonesCheck,1,Bad Mood,2392.6500000525266,/task/40825/1/asset/Goat.mp3,0
1,1601574864162,01/10/2020 17:54:24,1601574850661,1,01/10/2020 18:54:10,27347,3,task-qgn4,,7040233,5ec1371b59fcec3fcab8fc83,2036032,,complete,,5f7615a6cb5f14066ad6bc52,computer,Desktop or Laptop,Windows 10,Chrome 85.0.4183.121,1366x768,1366x638,,HeadphonesCheck,1,Bad Mood,5491.429999470711,"<p style=""color: black; font-size: 28px; font-weight: bold;"">This is a sound check. Please turn on the sound on.</p>",
2,1601574867253,01/10/2020 17:54:27,1601574853810,1,01/10/2020 18:54:13,27347,3,task-qgn4,,7040233,5ec1371b59fcec3fcab8fc83,2036032,,complete,,5f7615a6cb5f14066ad6bc52,computer,Desktop or Laptop,Windows 10,Chrome 85.0.4183.121,1366x768,1366x638,,HeadphonesCheck,1,Bad Mood,3135.440000332892,/task/40825/1/asset/Dog.mp3,1
3,1601574869977,01/10/2020 17:54:29,1601574856511,1,01/10/2020 18:54:16,27347,3,task-qgn4,,7040233,5ec1371b59fcec3fcab8fc83,2036032,,complete,,5f7615a6cb5f14066ad6bc52,computer,Desktop or Laptop,Windows 10,Chrome 85.0.4183.121,1366x768,1366x638,,HeadphonesCheck,1,Bad Mood,2691.7949998751283,/task/40825/1/asset/Owl.mp3,0
4,1601574871808,01/10/2020 17:54:31,1601574858362,1,01/10/2020 18:54:18,27347,3,task-qgn4,,7040233,5ec1371b59fcec3fcab8fc83,2036032,,complete,,5f7615a6cb5f14066ad6bc52,computer,Desktop or Laptop,Windows 10,Chrome 85.0.4183.121,1366x768,1366x638,,HeadphonesCheck,1,Bad Mood,1841.1099994555116,/task/40825/1/asset/Goat.mp3,0
1,1601576134207,01/10/2020 18:15:34,1601576133981,-4,01/10/2020 14:15:33,27347,3,task-qgn4,,7040530,5f73602e3409c7067123b3ac,2036112,,complete,,5f761c3cfc647a067e9b24b7,computer,Desktop or Laptop,Mac OS 10.15.6,Chrome 85.0.4183.102,1366x768,1109x533,,HeadphonesCheck,1,Bad Mood,6317.06000000122,"<p style=""color: black; font-size: 28px; font-weight: bold;"">This is a sound check. Please turn on the sound on.</p>",
2,1601576138448,01/10/2020 18:15:38,1601576138257,-4,01/10/2020 14:15:38,27347,3,task-qgn4,,7040530,5f73602e3409c7067123b3ac,2036112,,complete,,5f761c3cfc647a067e9b24b7,computer,Desktop or Laptop,Mac OS 10.15.6,Chrome 85.0.4183.102,1366x768,1109x533,,HeadphonesCheck,1,Bad Mood,4254.83499999973,/task/40825/1/asset/Dog.mp3,1
3,1601576141260,01/10/2020 18:15:41,1601576141085,-4,01/10/2020 14:15:41,27347,3,task-qgn4,,7040530,5f73602e3409c7067123b3ac,2036112,,complete,,5f761c3cfc647a067e9b24b7,computer,Desktop or Laptop,Mac OS 10.15.6,Chrome 85.0.4183.102,1366x768,1109x533,,HeadphonesCheck,1,Bad Mood,2824.3400000210386,/task/40825/1/asset/Owl.mp3,0
4,1601576143124,01/10/2020 18:15:43,1601576142846,-4,01/10/2020 14:15:42,27347,3,task-qgn4,,7040530,5f73602e3409c7067123b3ac,2036112,,complete,,5f761c3cfc647a067e9b24b7,computer,Desktop or Laptop,Mac OS 10.15.6,Chrome 85.0.4183.102,1366x768,1109x533,,HeadphonesCheck,1,Bad Mood,1758.4550000028685,/task/40825/1/asset/Goat.mp3,0
1,1601576192255,01/10/2020 18:16:32,1601576194821,1,01/10/2020 19:16:34,27347,3,task-qgn4,,7040542,5bb41c688f3bd70001e5a377,2036118,,complete,,5f761c6ffe8a3807839c7d60,computer,Desktop or Laptop,Windows 8.1,Chrome 85.0.4183.121,1920x1080,1920x937,,HeadphonesCheck,1,Bad Mood,7701.789999380708,"<p style=""color: black; font-size: 28px; font-weight: bold;"">This is a sound check. Please turn on the sound on.</p>",
2,1601576210914,01/10/2020 18:16:50,1601576213567,1,01/10/2020 19:16:53,27347,3,task-qgn4,,7040542,5bb41c688f3bd70001e5a377,2036118,,complete,,5f761c6ffe8a3807839c7d60,computer,Desktop or Laptop,Windows 8.1,Chrome 85.0.4183.121,1920x1080,1920x937,,HeadphonesCheck,1,Bad Mood,18708.495000377297,/task/40825/1/asset/Dog.mp3,1
3,1601576217405,01/10/2020 18:16:57,1601576220042,1,01/10/2020 19:17:00,27347,3,task-qgn4,,7040542,5bb41c688f3bd70001e5a377,2036118,,complete,,5f761c6ffe8a3807839c7d60,computer,Desktop or Laptop,Windows 8.1,Chrome 85.0.4183.121,1920x1080,1920x937,,HeadphonesCheck,1,Bad Mood,6466.685000807047,/task/40825/1/asset/Owl.mp3,0
4,1601576220880,01/10/2020 18:17:00,1601576223513,1,01/10/2020 19:17:03,27347,3,task-qgn4,,7040542,5bb41c688f3bd70001e5a377,2036118,,complete,,5f761c6ffe8a3807839c7d60,computer,Desktop or Laptop,Windows 8.1,Chrome 85.0.4183.121,1920x1080,1920x937,,HeadphonesCheck,1,Bad Mood,3464.774999767542,/task/40825/1/asset/Goat.mp3,0
END OF FILE
